group	hemisphere	source_id	volume_id	name	vertices_32k	geometry_flagged_vertices_32k	geometry_flagged_fraction_32k	components_32k	adult_source_components	volume_voxels	raw_transferred_native_vertices	final_native_vertices	raw_native_support_retained_vertices	raw_native_support_retained_fraction
Group01_34p0-42p5	L	1	1	FP.d	90	0	0.0	1	1	1243	443	443	443	1.0
Group01_34p0-42p5	L	2	2	FP.m	65	0	0.0	1	1	1057	315	316	315	1.0
Group01_34p0-42p5	L	3	3	FP.v	76	0	0.0	1	1	766	365	366	365	1.0
Group01_34p0-42p5	L	4	4	SFG.rm	92	0	0.0	1	1	829	359	360	359	1.0
Group01_34p0-42p5	L	5	5	SFG.cm	83	0	0.0	1	1	697	284	284	284	1.0
Group01_34p0-42p5	L	6	6	SFG.r	82	0	0.0	1	1	535	385	386	385	1.0
Group01_34p0-42p5	L	7	7	SFG.ri	159	0	0.0	1	1	1885	751	752	748	0.996005326231691
Group01_34p0-42p5	L	8	8	SFG.ci	131	0	0.0	1	1	1302	574	573	572	0.9965156794425087
Group01_34p0-42p5	L	9	9	SFG.c	79	0	0.0	1	1	498	368	367	366	0.9945652173913043
Group01_34p0-42p5	L	10	10	IFG.rd	177	0	0.0	1	1	1074	830	832	830	1.0
Group01_34p0-42p5	L	11	11	IFG.cd	132	0	0.0	1	1	844	675	674	673	0.997037037037037
Group01_34p0-42p5	L	12	12	IFG.cv	161	0	0.0	1	1	930	621	622	620	0.998389694041868
Group01_34p0-42p5	L	13	13	IFG.iv	208	0	0.0	1	1	1048	796	793	792	0.9949748743718593
Group01_34p0-42p5	L	14	14	IFG.rv	204	0	0.0	1	1	1408	855	858	853	0.9976608187134502
Group01_34p0-42p5	L	15	15	OrG.rm	180	0	0.0	1	1	1821	746	745	745	0.9986595174262735
Group01_34p0-42p5	L	16	16	OrG.cm	175	0	0.0	1	1	1724	737	760	737	1.0
Group01_34p0-42p5	L	17	17	OrG.ri	184	0	0.0	1	1	2323	818	815	815	0.9963325183374083
Group01_34p0-42p5	L	18	18	OrG.ci	245	0	0.0	1	1	1959	899	950	898	0.9988876529477196
Group01_34p0-42p5	L	19	19	OrG.rl	139	0	0.0	1	1	2013	672	671	671	0.9985119047619048
Group01_34p0-42p5	L	20	20	OrG.cl	191	0	0.0	1	1	1690	808	811	808	1.0
Group01_34p0-42p5	L	21	21	M1.v	41	0	0.0	1	1	533	139	138	138	0.9928057553956835
Group01_34p0-42p5	L	22	22	M1.i	227	0	0.0	1	1	2406	810	812	808	0.9975308641975309
Group01_34p0-42p5	L	23	23	M1.d	364	0	0.0	1	1	3611	1188	1187	1187	0.9991582491582491
Group01_34p0-42p5	L	24	24	M1.m	225	0	0.0	1	1	1055	611	611	607	0.9934533551554828
Group01_34p0-42p5	L	25	25	PM.rd	201	0	0.0	1	1	2442	802	804	800	0.9975062344139651
Group01_34p0-42p5	L	26	26	PM.cd	227	0	0.0	1	1	2450	826	825	823	0.9963680387409201
Group01_34p0-42p5	L	27	27	PM.i	224	0	0.0	1	1	1719	817	819	815	0.9975520195838433
Group01_34p0-42p5	L	28	28	PM.cv	137	0	0.0	1	1	2135	501	501	500	0.998003992015968
Group01_34p0-42p5	L	29	29	PM.rv	143	0	0.0	1	1	1563	513	512	511	0.9961013645224172
Group01_34p0-42p5	L	30	30	PM.rm	115	0	0.0	1	1	1177	398	397	397	0.9974874371859297
Group01_34p0-42p5	L	31	31	PM.cm	227	0	0.0	1	1	1855	711	713	709	0.9971870604781997
Group01_34p0-42p5	L	32	32	PoCG.dm	409	0	0.0	1	1	2438	1308	1306	1303	0.996177370030581
Group01_34p0-42p5	L	33	33	PoCG.d	387	0	0.0	1	1	1763	1201	1199	1199	0.9983347210657785
Group01_34p0-42p5	L	34	34	PoCG.i	471	0	0.0	1	1	2519	1501	1500	1500	0.9993337774816788
Group01_34p0-42p5	L	35	35	PoCG.v	361	0	0.0	1	1	2468	1170	1171	1170	1.0
Group01_34p0-42p5	L	36	36	FPOr	203	0	0.0	1	1	1982	796	794	793	0.9962311557788944
Group01_34p0-42p5	L	37	37	FPOri	347	0	0.0	1	1	1974	1184	1186	1182	0.9983108108108109
Group01_34p0-42p5	L	38	38	FPOci	486	0	0.0	1	1	1676	1352	1355	1351	0.9992603550295858
Group01_34p0-42p5	L	39	39	FPOc	271	0	0.0	1	1	617	762	758	758	0.994750656167979
Group01_34p0-42p5	L	40	40	SPL.rv	459	0	0.0	1	1	1604	1330	1325	1319	0.9917293233082707
Group01_34p0-42p5	L	41	41	SPL.iv	426	0	0.0	1	1	1348	1204	1200	1196	0.9933554817275747
Group01_34p0-42p5	L	42	42	SPL.cv	259	0	0.0	1	1	1435	788	794	786	0.9974619289340102
Group01_34p0-42p5	L	43	43	SPL.rd	322	0	0.0	1	1	1379	887	887	884	0.9966178128523112
Group01_34p0-42p5	L	44	44	SPL.cd	322	0	0.0	1	1	1714	1055	1061	1052	0.9971563981042654
Group01_34p0-42p5	L	45	45	SPL.m	137	0	0.0	1	1	323	430	431	427	0.9930232558139535
Group01_34p0-42p5	L	46	46	IPL.sr	170	0	0.0	1	1	569	363	367	363	1.0
Group01_34p0-42p5	L	47	47	IPL.sri	226	0	0.0	1	1	969	599	601	597	0.996661101836394
Group01_34p0-42p5	L	48	48	IPL.sci	180	0	0.0	1	1	718	565	563	563	0.9964601769911504
Group01_34p0-42p5	L	49	49	IPL.sc	185	0	0.0	1	1	693	481	481	481	1.0
Group01_34p0-42p5	L	50	50	IPL.gr	78	0	0.0	1	1	748	237	237	236	0.9957805907172996
Group01_34p0-42p5	L	51	51	IPL.gri	72	0	0.0	1	1	625	179	178	178	0.994413407821229
Group01_34p0-42p5	L	52	52	IPL.gci	71	0	0.0	1	1	557	164	165	164	1.0
Group01_34p0-42p5	L	53	53	IPL.gc	60	0	0.0	1	1	562	203	199	199	0.9802955665024631
Group01_34p0-42p5	L	54	54	PrCu.vr	152	0	0.0	1	1	744	363	362	362	0.9972451790633609
Group01_34p0-42p5	L	55	55	PrCu.dr	123	0	0.0	1	1	792	389	389	389	1.0
Group01_34p0-42p5	L	56	56	PrCu.dc	140	3	0.02142857142857143	1	1	864	409	409	407	0.9951100244498777
Group01_34p0-42p5	L	57	57	PrCu.di	151	0	0.0	1	1	1026	319	319	317	0.9937304075235109
Group01_34p0-42p5	L	58	58	PrCu.vi	152	0	0.0	1	1	880	379	378	377	0.9947229551451188
Group01_34p0-42p5	L	59	59	PrCu.vc	124	0	0.0	1	1	711	410	409	407	0.9926829268292683
Group01_34p0-42p5	L	60	60	PrL.d	711	0	0.0	1	1	2600	2259	2258	2253	0.99734395750332
Group01_34p0-42p5	L	61	61	PrL.i	628	0	0.0	1	1	3061	2191	2194	2187	0.9981743496120493
Group01_34p0-42p5	L	62	62	PrL.STS	833	0	0.0	1	1	3287	2622	2625	2620	0.9992372234935164
Group01_34p0-42p5	L	63	63	PrL.v	317	0	0.0	1	1	1720	1110	1110	1107	0.9972972972972973
Group01_34p0-42p5	L	64	64	SFL.r	348	0	0.0	1	1	1073	998	1001	998	1.0
Group01_34p0-42p5	L	65	65	SFL.i	325	0	0.0	1	1	1905	1119	1119	1116	0.9973190348525469
Group01_34p0-42p5	L	66	66	STG.gc	309	0	0.0	1	1	1979	1108	1111	1107	0.9990974729241877
Group01_34p0-42p5	L	67	67	STG.gr	101	0	0.0	1	1	1681	412	412	412	1.0
Group01_34p0-42p5	L	68	68	STG.gri	173	0	0.0	1	1	1978	611	610	610	0.9983633387888707
Group01_34p0-42p5	L	69	69	STG.gci	90	0	0.0	1	1	616	313	312	310	0.9904153354632588
Group01_34p0-42p5	L	70	70	STSU.rEx	35	0	0.0	1	1	304	124	124	124	1.0
Group01_34p0-42p5	L	71	71	STSU.cEx	61	0	0.0	1	1	354	234	235	233	0.9957264957264957
Group01_34p0-42p5	L	72	72	STSU.r	267	0	0.0	1	1	1027	810	811	809	0.9987654320987654
Group01_34p0-42p5	L	73	73	STSU.ri	346	0	0.0	1	1	1431	1004	1006	1003	0.999003984063745
Group01_34p0-42p5	L	74	74	STSU.ci	270	0	0.0	1	1	976	773	770	770	0.9961190168175937
Group01_34p0-42p5	L	75	75	STSU.c	255	0	0.0	1	1	971	683	681	680	0.9956076134699854
Group01_34p0-42p5	L	76	76	STSL.r	303	0	0.0	1	1	1615	965	963	961	0.9958549222797928
Group01_34p0-42p5	L	77	77	STSL.cIn	298	0	0.0	1	1	1129	962	963	959	0.9968814968814969
Group01_34p0-42p5	L	78	78	STSL.cEx	221	0	0.0	1	1	1213	732	729	727	0.9931693989071039
Group01_34p0-42p5	L	79	79	ITG.gr	399	0	0.0	1	1	4071	1426	1430	1425	0.9992987377279102
Group01_34p0-42p5	L	80	80	ITG.gdc	422	0	0.0	1	1	4089	1555	1556	1552	0.9980707395498393
Group01_34p0-42p5	L	81	81	ITG.gvc	382	0	0.0	1	1	3451	1413	1412	1411	0.9985845718329794
Group01_34p0-42p5	L	82	82	PHG.r	108	0	0.0	1	1	1897	534	418	418	0.7827715355805244
Group01_34p0-42p5	L	83	83	PHG.mi	126	7	0.05555555555555555	2	2	1201	523	491	478	0.9139579349904398
Group01_34p0-42p5	L	84	84	PHG.li	95	0	0.0	1	1	827	359	362	359	1.0
Group01_34p0-42p5	L	85	85	PHG.cm	87	10	0.11494252873563218	1	1	597	358	324	323	0.9022346368715084
Group01_34p0-42p5	L	86	86	PHG.cl	119	0	0.0	1	1	495	452	448	448	0.9911504424778761
Group01_34p0-42p5	L	87	87	TP.vr	43	0	0.0	1	1	673	193	193	193	1.0
Group01_34p0-42p5	L	88	88	TP.mr	18	0	0.0	1	1	161	65	65	65	1.0
Group01_34p0-42p5	L	89	89	TP.lr	40	0	0.0	1	1	687	191	191	190	0.9947643979057592
Group01_34p0-42p5	L	90	90	TP.dr	38	0	0.0	1	1	308	102	101	100	0.9803921568627451
Group01_34p0-42p5	L	91	91	TP.cEx	33	0	0.0	1	1	437	125	134	124	0.992
Group01_34p0-42p5	L	92	92	TP.cIn	41	0	0.0	1	1	73	52	68	52	1.0
Group01_34p0-42p5	L	93	93	V1.cm	368	0	0.0	1	1	2197	1636	1637	1635	0.9993887530562348
Group01_34p0-42p5	L	94	94	V1.dl	502	0	0.0	1	1	3483	2291	2286	2284	0.9969445656918376
Group01_34p0-42p5	L	95	95	V1.vl	613	0	0.0	1	1	4736	2978	2975	2973	0.9983210208193418
Group01_34p0-42p5	L	96	96	V1.mvi	503	3	0.005964214711729622	1	1	2885	2419	2421	2414	0.9979330301777594
Group01_34p0-42p5	L	97	97	V1.mdi	492	0	0.0	1	1	1479	1779	1784	1779	1.0
Group01_34p0-42p5	L	98	98	V1.rm	194	9	0.04639175257731959	1	1	469	579	574	572	0.9879101899827288
Group01_34p0-42p5	L	99	99	V2.l	437	0	0.0	1	1	2837	1877	1875	1873	0.9978689397975493
Group01_34p0-42p5	L	100	100	V2.d	553	0	0.0	1	1	2353	2336	2336	2332	0.9982876712328768
Group01_34p0-42p5	L	101	101	V2.v	666	11	0.016516516516516516	1	1	3932	2870	2869	2864	0.9979094076655052
Group01_34p0-42p5	L	102	102	V2.dm	461	6	0.013015184381778741	1	1	2428	1766	1769	1765	0.9994337485843715
Group01_34p0-42p5	L	103	103	V2.vm	429	0	0.0	1	1	2456	1805	1812	1803	0.9988919667590028
Group01_34p0-42p5	L	104	104	VMO.l	178	0	0.0	1	1	1290	712	712	709	0.9957865168539326
Group01_34p0-42p5	L	105	105	VMO.i	336	0	0.0	1	1	2251	1204	1202	1202	0.9983388704318937
Group01_34p0-42p5	L	106	106	VMO.m	438	1	0.00228310502283105	1	1	2947	1679	1680	1664	0.9910661107802263
Group01_34p0-42p5	L	107	107	INS.vr	161	0	0.0	1	1	586	225	248	224	0.9955555555555555
Group01_34p0-42p5	L	108	108	INS.dr	131	0	0.0	1	1	695	336	336	335	0.9970238095238095
Group01_34p0-42p5	L	109	109	INS.ri	117	0	0.0	1	1	562	367	364	364	0.9918256130790191
Group01_34p0-42p5	L	110	110	INS.v	124	0	0.0	1	1	515	241	240	240	0.995850622406639
Group01_34p0-42p5	L	111	111	INS.ci	109	0	0.0	1	1	444	314	312	312	0.9936305732484076
Group01_34p0-42p5	L	112	112	INS.c	146	0	0.0	1	1	575	464	467	464	1.0
Group01_34p0-42p5	L	113	113	CG.vr	93	0	0.0	1	1	607	340	363	332	0.9764705882352941
Group01_34p0-42p5	L	114	114	CG.ir	103	0	0.0	1	1	606	380	373	372	0.9789473684210527
Group01_34p0-42p5	L	115	115	CG.dr	102	0	0.0	1	1	206	353	349	349	0.9886685552407932
Group01_34p0-42p5	L	116	116	CG.idr	144	0	0.0	1	1	456	453	452	452	0.9977924944812362
Group01_34p0-42p5	L	117	117	CG.idc	213	0	0.0	1	1	996	619	620	618	0.9983844911147012
Group01_34p0-42p5	L	118	118	CG.ivr	142	0	0.0	1	1	1149	494	494	492	0.9959514170040485
Group01_34p0-42p5	L	119	119	CG.ivc	217	0	0.0	1	1	1067	537	500	499	0.9292364990689013
Group01_34p0-42p5	L	120	120	CG.dc	185	0	0.0	1	1	810	397	398	397	1.0
Group01_34p0-42p5	L	121	121	CG.vc	78	0	0.0	1	1	496	205	206	205	1.0
Group01_34p0-42p5	L	122	122	CG.RSr	59	0	0.0	1	1	150	364	206	206	0.5659340659340659
Group01_34p0-42p5	L	123	123	CG.Rsi	88	0	0.0	1	1	140	326	204	203	0.6226993865030674
Group01_34p0-42p5	L	124	124	CG.RSc	55	2	0.03636363636363636	1	1	189	363	149	143	0.3939393939393939
Group01_34p0-42p5	R	1	125	FP.d	97	0	0.0	1	1	1549	482	480	480	0.995850622406639
Group01_34p0-42p5	R	2	126	FP.m	58	0	0.0	1	1	1033	271	271	271	1.0
Group01_34p0-42p5	R	3	127	FP.v	81	0	0.0	1	1	901	404	406	403	0.9975247524752475
Group01_34p0-42p5	R	4	128	SFG.rm	87	0	0.0	1	1	909	375	374	374	0.9973333333333333
Group01_34p0-42p5	R	5	129	SFG.cm	95	0	0.0	1	1	851	365	364	364	0.9972602739726028
Group01_34p0-42p5	R	6	130	SFG.r	64	0	0.0	1	1	467	297	295	294	0.98989898989899
Group01_34p0-42p5	R	7	131	SFG.ri	174	0	0.0	1	1	1852	834	839	830	0.9952038369304557
Group01_34p0-42p5	R	8	132	SFG.ci	122	0	0.0	1	1	1287	534	536	530	0.9925093632958801
Group01_34p0-42p5	R	9	133	SFG.c	83	0	0.0	1	1	610	378	377	377	0.9973544973544973
Group01_34p0-42p5	R	10	134	IFG.rd	176	0	0.0	1	1	1202	832	834	831	0.9987980769230769
Group01_34p0-42p5	R	11	135	IFG.cd	128	0	0.0	1	1	743	646	646	645	0.9984520123839009
Group01_34p0-42p5	R	12	136	IFG.cv	169	0	0.0	1	1	885	656	656	656	1.0
Group01_34p0-42p5	R	13	137	IFG.iv	209	0	0.0	1	1	1338	829	830	828	0.9987937273823885
Group01_34p0-42p5	R	14	138	IFG.rv	202	0	0.0	1	1	1692	855	851	851	0.9953216374269006
Group01_34p0-42p5	R	15	139	OrG.rm	170	0	0.0	1	1	1474	694	694	694	1.0
Group01_34p0-42p5	R	16	140	OrG.cm	151	6	0.039735099337748346	1	1	1798	622	640	622	1.0
Group01_34p0-42p5	R	17	141	OrG.ri	130	0	0.0	1	1	1829	628	627	627	0.9984076433121019
Group01_34p0-42p5	R	18	142	OrG.ci	292	0	0.0	1	1	2093	1031	1083	1030	0.9990300678952473
Group01_34p0-42p5	R	19	143	OrG.rl	164	0	0.0	1	1	2081	744	742	741	0.9959677419354839
Group01_34p0-42p5	R	20	144	OrG.cl	212	0	0.0	1	1	1837	864	866	862	0.9976851851851852
Group01_34p0-42p5	R	21	145	M1.v	26	0	0.0	1	1	320	95	94	94	0.9894736842105263
Group01_34p0-42p5	R	22	146	M1.i	270	0	0.0	1	1	2778	922	923	919	0.9967462039045553
Group01_34p0-42p5	R	23	147	M1.d	376	0	0.0	1	1	4006	1253	1250	1250	0.9976057462090981
Group01_34p0-42p5	R	24	148	M1.m	199	0	0.0	1	1	688	536	538	534	0.996268656716418
Group01_34p0-42p5	R	25	149	PM.rd	194	0	0.0	1	1	1977	759	758	756	0.9960474308300395
Group01_34p0-42p5	R	26	150	PM.cd	232	0	0.0	1	1	2421	833	831	830	0.9963985594237695
Group01_34p0-42p5	R	27	151	PM.i	195	0	0.0	1	1	2103	740	740	739	0.9986486486486487
Group01_34p0-42p5	R	28	152	PM.cv	160	0	0.0	1	1	2544	618	618	616	0.9967637540453075
Group01_34p0-42p5	R	29	153	PM.rv	109	0	0.0	1	1	1362	426	428	424	0.9953051643192489
Group01_34p0-42p5	R	30	154	PM.rm	148	0	0.0	1	1	1575	531	531	531	1.0
Group01_34p0-42p5	R	31	155	PM.cm	232	0	0.0	1	1	1851	688	687	687	0.998546511627907
Group01_34p0-42p5	R	32	156	PoCG.dm	450	0	0.0	1	1	2695	1465	1467	1464	0.9993174061433447
Group01_34p0-42p5	R	33	157	PoCG.d	374	0	0.0	1	1	1798	1209	1206	1204	0.9958643507030603
Group01_34p0-42p5	R	34	158	PoCG.i	427	0	0.0	1	1	2576	1399	1403	1399	1.0
Group01_34p0-42p5	R	35	159	PoCG.v	366	0	0.0	1	1	2482	1223	1223	1220	0.9975470155355682
Group01_34p0-42p5	R	36	160	FPOr	235	0	0.0	1	1	2369	958	961	957	0.9989561586638831
Group01_34p0-42p5	R	37	161	FPOri	376	0	0.0	1	1	2166	1261	1259	1256	0.9960348929421095
Group01_34p0-42p5	R	38	162	FPOci	435	0	0.0	1	1	1591	1245	1243	1241	0.9967871485943776
Group01_34p0-42p5	R	39	163	FPOc	261	0	0.0	1	1	762	742	745	740	0.9973045822102425
Group01_34p0-42p5	R	40	164	SPL.rv	499	0	0.0	1	1	1814	1480	1480	1472	0.9945945945945946
Group01_34p0-42p5	R	41	165	SPL.iv	389	0	0.0	1	1	1471	1041	1038	1033	0.9923150816522575
Group01_34p0-42p5	R	42	166	SPL.cv	191	0	0.0	1	1	1047	627	628	624	0.9952153110047847
Group01_34p0-42p5	R	43	167	SPL.rd	344	0	0.0	1	1	1435	937	937	933	0.9957310565635006
Group01_34p0-42p5	R	44	168	SPL.cd	358	0	0.0	1	1	2114	1139	1141	1134	0.9956101843722563
Group01_34p0-42p5	R	45	169	SPL.m	141	0	0.0	1	1	295	348	349	347	0.9971264367816092
Group01_34p0-42p5	R	46	170	IPL.sr	160	0	0.0	1	1	538	369	366	366	0.991869918699187
Group01_34p0-42p5	R	47	171	IPL.sri	204	0	0.0	1	1	792	552	552	550	0.9963768115942029
Group01_34p0-42p5	R	48	172	IPL.sci	199	0	0.0	1	1	654	577	576	575	0.9965337954939342
Group01_34p0-42p5	R	49	173	IPL.sc	181	0	0.0	1	1	706	452	452	450	0.995575221238938
Group01_34p0-42p5	R	50	174	IPL.gr	85	0	0.0	1	1	987	256	258	256	1.0
Group01_34p0-42p5	R	51	175	IPL.gri	70	0	0.0	1	1	576	157	155	152	0.9681528662420382
Group01_34p0-42p5	R	52	176	IPL.gci	73	0	0.0	1	1	704	198	198	197	0.9949494949494949
Group01_34p0-42p5	R	53	177	IPL.gc	66	0	0.0	1	1	689	224	226	224	1.0
Group01_34p0-42p5	R	54	178	PrCu.vr	180	0	0.0	1	1	931	407	408	407	1.0
Group01_34p0-42p5	R	55	179	PrCu.dr	126	0	0.0	1	1	906	403	403	401	0.9950372208436724
Group01_34p0-42p5	R	56	180	PrCu.dc	127	0	0.0	1	1	672	340	340	339	0.9970588235294118
Group01_34p0-42p5	R	57	181	PrCu.di	122	0	0.0	1	1	490	263	263	262	0.9961977186311787
Group01_34p0-42p5	R	58	182	PrCu.vi	125	0	0.0	1	1	737	308	309	308	1.0
Group01_34p0-42p5	R	59	183	PrCu.vc	161	0	0.0	1	1	847	515	512	510	0.9902912621359223
Group01_34p0-42p5	R	60	184	PrL.d	763	0	0.0	1	1	2714	2327	2329	2322	0.9978513107004727
Group01_34p0-42p5	R	61	185	PrL.i	643	0	0.0	1	1	3163	2145	2143	2140	0.9976689976689976
Group01_34p0-42p5	R	62	186	PrL.STS	791	0	0.0	1	1	3140	2343	2344	2338	0.9978659837814767
Group01_34p0-42p5	R	63	187	PrL.v	318	0	0.0	1	1	1662	1042	1045	1041	0.9990403071017274
Group01_34p0-42p5	R	64	188	SFL.r	371	0	0.0	1	1	1382	1153	1149	1148	0.9956634865568084
Group01_34p0-42p5	R	65	189	SFL.i	352	0	0.0	1	1	2181	1211	1211	1209	0.9983484723369116
Group01_34p0-42p5	R	66	190	STG.gc	298	0	0.0	1	1	1717	943	943	941	0.9978791092258749
Group01_34p0-42p5	R	67	191	STG.gr	75	0	0.0	1	1	1331	303	305	303	1.0
Group01_34p0-42p5	R	68	192	STG.gri	174	0	0.0	1	1	2191	673	675	673	1.0
Group01_34p0-42p5	R	69	193	STG.gci	85	0	0.0	1	1	598	296	296	295	0.9966216216216216
Group01_34p0-42p5	R	70	194	STSU.rEx	47	0	0.0	1	1	297	170	169	169	0.9941176470588236
Group01_34p0-42p5	R	71	195	STSU.cEx	57	0	0.0	1	1	285	201	201	201	1.0
Group01_34p0-42p5	R	72	196	STSU.r	251	0	0.0	1	1	1041	797	796	796	0.998745294855709
Group01_34p0-42p5	R	73	197	STSU.ri	342	0	0.0	1	1	1367	1031	1031	1031	1.0
Group01_34p0-42p5	R	74	198	STSU.ci	297	0	0.0	1	1	1059	810	813	810	1.0
Group01_34p0-42p5	R	75	199	STSU.c	236	0	0.0	1	1	822	542	539	537	0.9907749077490775
Group01_34p0-42p5	R	76	200	STSL.r	280	0	0.0	1	1	1124	955	954	954	0.9989528795811519
Group01_34p0-42p5	R	77	201	STSL.cIn	289	7	0.02422145328719723	1	1	1115	922	922	920	0.9978308026030369
Group01_34p0-42p5	R	78	202	STSL.cEx	212	0	0.0	1	1	1255	706	703	702	0.9943342776203966
Group01_34p0-42p5	R	79	203	ITG.gr	340	0	0.0	1	1	2900	1202	1200	1200	0.9983361064891847
Group01_34p0-42p5	R	80	204	ITG.gdc	452	0	0.0	1	1	4377	1613	1612	1611	0.9987600743955363
Group01_34p0-42p5	R	81	205	ITG.gvc	460	19	0.041304347826086954	1	1	4029	1674	1675	1670	0.997610513739546
Group01_34p0-42p5	R	82	206	PHG.r	130	0	0.0	1	1	2323	465	461	454	0.9763440860215054
Group01_34p0-42p5	R	83	207	PHG.mi	131	3	0.022900763358778626	2	2	1522	571	582	552	0.9667250437828371
Group01_34p0-42p5	R	84	208	PHG.li	79	0	0.0	1	1	1000	333	332	332	0.996996996996997
Group01_34p0-42p5	R	85	209	PHG.cm	86	3	0.03488372093023256	1	1	566	372	354	353	0.9489247311827957
Group01_34p0-42p5	R	86	210	PHG.cl	107	1	0.009345794392523364	1	1	422	376	376	375	0.9973404255319149
Group01_34p0-42p5	R	87	211	TP.vr	49	0	0.0	1	1	889	234	234	234	1.0
Group01_34p0-42p5	R	88	212	TP.mr	19	0	0.0	1	1	250	68	69	68	1.0
Group01_34p0-42p5	R	89	213	TP.lr	39	0	0.0	1	1	684	174	173	173	0.9942528735632183
Group01_34p0-42p5	R	90	214	TP.dr	33	0	0.0	1	1	418	94	95	94	1.0
Group01_34p0-42p5	R	91	215	TP.cEx	34	0	0.0	1	1	333	100	107	100	1.0
Group01_34p0-42p5	R	92	216	TP.cIn	41	0	0.0	1	1	71	57	62	56	0.9824561403508771
Group01_34p0-42p5	R	93	217	V1.cm	377	0	0.0	1	1	2400	1732	1733	1731	0.9994226327944573
Group01_34p0-42p5	R	94	218	V1.dl	581	0	0.0	1	1	4087	2704	2702	2697	0.9974112426035503
Group01_34p0-42p5	R	95	219	V1.vl	518	0	0.0	1	1	4416	2624	2625	2618	0.9977134146341463
Group01_34p0-42p5	R	96	220	V1.mvi	461	0	0.0	1	1	3220	2374	2367	2366	0.9966301600673968
Group01_34p0-42p5	R	97	221	V1.mdi	566	0	0.0	1	1	1764	2090	2092	2088	0.999043062200957
Group01_34p0-42p5	R	98	222	V1.rm	155	5	0.03225806451612903	2	2	359	540	521	513	0.95
Group01_34p0-42p5	R	99	223	V2.l	449	1	0.0022271714922048997	1	1	2733	1975	1976	1970	0.9974683544303797
Group01_34p0-42p5	R	100	224	V2.d	537	1	0.00186219739292365	1	1	2633	2353	2353	2349	0.9983000424989376
Group01_34p0-42p5	R	101	225	V2.v	682	0	0.0	1	1	3802	3082	3088	3078	0.9987021414665801
Group01_34p0-42p5	R	102	226	V2.dm	471	0	0.0	1	1	2318	1831	1833	1826	0.9972692517749864
Group01_34p0-42p5	R	103	227	V2.vm	403	1	0.0024813895781637717	1	1	2986	1854	1848	1843	0.994066882416397
Group01_34p0-42p5	R	104	228	VMO.l	202	0	0.0	1	1	1805	764	764	761	0.9960732984293194
Group01_34p0-42p5	R	105	229	VMO.i	440	3	0.006818181818181818	1	1	2280	1684	1678	1676	0.995249406175772
Group01_34p0-42p5	R	106	230	VMO.m	292	10	0.03424657534246575	1	1	1688	1064	1020	1014	0.9530075187969925
Group01_34p0-42p5	R	107	231	INS.vr	148	0	0.0	1	1	404	166	175	166	1.0
Group01_34p0-42p5	R	108	232	INS.dr	147	0	0.0	1	1	683	334	334	333	0.9970059880239521
Group01_34p0-42p5	R	109	233	INS.ri	110	0	0.0	1	1	498	330	327	327	0.990909090909091
Group01_34p0-42p5	R	110	234	INS.v	131	0	0.0	1	1	648	303	303	302	0.9966996699669967
Group01_34p0-42p5	R	111	235	INS.ci	111	0	0.0	1	1	418	363	364	361	0.9944903581267218
Group01_34p0-42p5	R	112	236	INS.c	148	0	0.0	1	1	569	501	503	500	0.998003992015968
Group01_34p0-42p5	R	113	237	CG.vr	82	2	0.024390243902439025	1	1	439	275	300	262	0.9527272727272728
Group01_34p0-42p5	R	114	238	CG.ir	111	0	0.0	1	1	573	440	416	416	0.9454545454545454
Group01_34p0-42p5	R	115	239	CG.dr	102	0	0.0	1	1	256	335	335	334	0.9970149253731343
Group01_34p0-42p5	R	116	240	CG.idr	153	0	0.0	1	1	584	453	454	453	1.0
Group01_34p0-42p5	R	117	241	CG.idc	196	0	0.0	1	1	960	540	539	538	0.9962962962962963
Group01_34p0-42p5	R	118	242	CG.ivr	169	0	0.0	1	1	1032	530	522	522	0.9849056603773585
Group01_34p0-42p5	R	119	243	CG.ivc	260	0	0.0	1	1	988	677	625	622	0.9187592319054653
Group01_34p0-42p5	R	120	244	CG.dc	120	0	0.0	1	1	562	238	238	237	0.9957983193277311
Group01_34p0-42p5	R	121	245	CG.vc	75	0	0.0	1	1	457	217	216	215	0.9907834101382489
Group01_34p0-42p5	R	122	246	CG.RSr	26	0	0.0	1	1	61	241	99	99	0.4107883817427386
Group01_34p0-42p5	R	123	247	CG.Rsi	75	0	0.0	1	1	94	375	167	167	0.44533333333333336
Group01_34p0-42p5	R	124	248	CG.RSc	36	2	0.05555555555555555	1	1	62	289	65	62	0.21453287197231835
Group02_42p5-51p0	L	1	1	FP.d	90	0	0.0	1	1	1294	477	480	477	1.0
Group02_42p5-51p0	L	2	2	FP.m	65	0	0.0	1	1	1187	351	353	351	1.0
Group02_42p5-51p0	L	3	3	FP.v	76	0	0.0	1	1	693	397	395	395	0.9949622166246851
Group02_42p5-51p0	L	4	4	SFG.rm	92	0	0.0	1	1	884	381	381	381	1.0
Group02_42p5-51p0	L	5	5	SFG.cm	83	0	0.0	1	1	765	297	299	297	1.0
Group02_42p5-51p0	L	6	6	SFG.r	82	0	0.0	1	1	563	392	393	392	1.0
Group02_42p5-51p0	L	7	7	SFG.ri	159	0	0.0	1	1	1820	775	774	772	0.9961290322580645
Group02_42p5-51p0	L	8	8	SFG.ci	131	0	0.0	1	1	1373	582	583	581	0.9982817869415808
Group02_42p5-51p0	L	9	9	SFG.c	79	0	0.0	1	1	502	364	366	364	1.0
Group02_42p5-51p0	L	10	10	IFG.rd	176	0	0.0	1	1	1068	842	840	840	0.997624703087886
Group02_42p5-51p0	L	11	11	IFG.cd	132	0	0.0	1	1	860	671	668	668	0.9955290611028316
Group02_42p5-51p0	L	12	12	IFG.cv	161	0	0.0	1	1	974	637	635	635	0.9968602825745683
Group02_42p5-51p0	L	13	13	IFG.iv	207	0	0.0	1	1	1093	787	788	786	0.9987293519695044
Group02_42p5-51p0	L	14	14	IFG.rv	204	0	0.0	1	1	1498	866	865	863	0.9965357967667436
Group02_42p5-51p0	L	15	15	OrG.rm	180	0	0.0	1	1	1961	780	780	779	0.9987179487179487
Group02_42p5-51p0	L	16	16	OrG.cm	175	0	0.0	1	1	1994	755	776	754	0.9986754966887417
Group02_42p5-51p0	L	17	17	OrG.ri	184	0	0.0	1	1	2289	869	869	869	1.0
Group02_42p5-51p0	L	18	18	OrG.ci	245	0	0.0	1	1	2031	958	1005	958	1.0
Group02_42p5-51p0	L	19	19	OrG.rl	140	0	0.0	1	1	1989	647	647	646	0.9984544049459042
Group02_42p5-51p0	L	20	20	OrG.cl	191	0	0.0	1	1	1949	815	813	813	0.9975460122699387
Group02_42p5-51p0	L	21	21	M1.v	41	0	0.0	1	1	520	152	152	152	1.0
Group02_42p5-51p0	L	22	22	M1.i	226	0	0.0	1	1	2258	793	791	788	0.9936948297604036
Group02_42p5-51p0	L	23	23	M1.d	364	0	0.0	1	1	3680	1192	1193	1191	0.9991610738255033
Group02_42p5-51p0	L	24	24	M1.m	225	0	0.0	1	1	1059	592	593	591	0.9983108108108109
Group02_42p5-51p0	L	25	25	PM.rd	201	0	0.0	1	1	2324	787	785	784	0.9961880559085133
Group02_42p5-51p0	L	26	26	PM.cd	227	0	0.0	1	1	2358	818	820	818	1.0
Group02_42p5-51p0	L	27	27	PM.i	224	0	0.0	1	1	1836	831	831	830	0.9987966305655837
Group02_42p5-51p0	L	28	28	PM.cv	138	0	0.0	1	1	2262	540	539	538	0.9962962962962963
Group02_42p5-51p0	L	29	29	PM.rv	143	0	0.0	1	1	1619	504	506	502	0.996031746031746
Group02_42p5-51p0	L	30	30	PM.rm	116	0	0.0	1	1	1087	399	396	396	0.9924812030075187
Group02_42p5-51p0	L	31	31	PM.cm	226	0	0.0	1	1	1718	701	701	700	0.9985734664764622
Group02_42p5-51p0	L	32	32	PoCG.dm	410	0	0.0	1	1	2536	1333	1336	1330	0.9977494373593399
Group02_42p5-51p0	L	33	33	PoCG.d	388	0	0.0	1	1	1807	1210	1212	1206	0.996694214876033
Group02_42p5-51p0	L	34	34	PoCG.i	471	0	0.0	1	1	2511	1501	1502	1498	0.9980013324450366
Group02_42p5-51p0	L	35	35	PoCG.v	362	0	0.0	1	1	2482	1187	1189	1185	0.9983150800336984
Group02_42p5-51p0	L	36	36	FPOr	203	0	0.0	1	1	2071	819	816	814	0.9938949938949939
Group02_42p5-51p0	L	37	37	FPOri	348	0	0.0	1	1	1986	1152	1150	1148	0.9965277777777778
Group02_42p5-51p0	L	38	38	FPOci	485	0	0.0	1	1	1713	1313	1314	1311	0.9984767707539984
Group02_42p5-51p0	L	39	39	FPOc	271	0	0.0	1	1	684	764	764	760	0.9947643979057592
Group02_42p5-51p0	L	40	40	SPL.rv	458	0	0.0	1	1	1528	1318	1320	1312	0.9954476479514416
Group02_42p5-51p0	L	41	41	SPL.iv	428	0	0.0	1	1	1212	1005	1005	1002	0.9970149253731343
Group02_42p5-51p0	L	42	42	SPL.cv	256	0	0.0	1	1	1392	808	809	804	0.995049504950495
Group02_42p5-51p0	L	43	43	SPL.rd	323	0	0.0	1	1	1460	893	889	886	0.9921612541993281
Group02_42p5-51p0	L	44	44	SPL.cd	323	0	0.0	1	1	1904	1030	1032	1025	0.9951456310679612
Group02_42p5-51p0	L	45	45	SPL.m	136	0	0.0	1	1	339	415	413	413	0.9951807228915662
Group02_42p5-51p0	L	46	46	IPL.sr	170	0	0.0	1	1	583	401	402	400	0.9975062344139651
Group02_42p5-51p0	L	47	47	IPL.sri	224	0	0.0	1	1	937	593	594	591	0.9966273187183811
Group02_42p5-51p0	L	48	48	IPL.sci	180	0	0.0	1	1	704	554	554	553	0.9981949458483754
Group02_42p5-51p0	L	49	49	IPL.sc	182	0	0.0	1	1	713	452	451	451	0.9977876106194691
Group02_42p5-51p0	L	50	50	IPL.gr	78	0	0.0	1	1	740	209	209	208	0.9952153110047847
Group02_42p5-51p0	L	51	51	IPL.gri	73	0	0.0	1	1	635	190	190	190	1.0
Group02_42p5-51p0	L	52	52	IPL.gci	73	0	0.0	1	1	463	136	137	136	1.0
Group02_42p5-51p0	L	53	53	IPL.gc	60	0	0.0	1	1	559	208	212	208	1.0
Group02_42p5-51p0	L	54	54	PrCu.vr	151	0	0.0	1	1	755	382	380	380	0.9947643979057592
Group02_42p5-51p0	L	55	55	PrCu.dr	123	0	0.0	1	1	761	401	399	399	0.9950124688279302
Group02_42p5-51p0	L	56	56	PrCu.dc	141	0	0.0	1	1	905	384	382	381	0.9921875
Group02_42p5-51p0	L	57	57	PrCu.di	151	0	0.0	1	1	982	314	314	314	1.0
Group02_42p5-51p0	L	58	58	PrCu.vi	148	0	0.0	1	1	802	301	301	301	1.0
Group02_42p5-51p0	L	59	59	PrCu.vc	125	0	0.0	1	1	726	454	453	451	0.9933920704845814
Group02_42p5-51p0	L	60	60	PrL.d	716	0	0.0	1	1	2700	2200	2201	2195	0.9977272727272727
Group02_42p5-51p0	L	61	61	PrL.i	629	0	0.0	1	1	3157	2188	2184	2182	0.9972577696526508
Group02_42p5-51p0	L	62	62	PrL.STS	832	0	0.0	1	1	3188	2496	2494	2492	0.9983974358974359
Group02_42p5-51p0	L	63	63	PrL.v	317	0	0.0	1	1	1883	1145	1142	1139	0.994759825327511
Group02_42p5-51p0	L	64	64	SFL.r	347	0	0.0	1	1	1047	1014	1014	1012	0.9980276134122288
Group02_42p5-51p0	L	65	65	SFL.i	325	0	0.0	1	1	1984	1104	1105	1101	0.9972826086956522
Group02_42p5-51p0	L	66	66	STG.gc	308	0	0.0	1	1	1869	1105	1103	1102	0.9972850678733032
Group02_42p5-51p0	L	67	67	STG.gr	101	0	0.0	1	1	1582	412	412	412	1.0
Group02_42p5-51p0	L	68	68	STG.gri	173	0	0.0	1	1	2161	678	680	678	1.0
Group02_42p5-51p0	L	69	69	STG.gci	90	0	0.0	1	1	564	290	287	287	0.9896551724137931
Group02_42p5-51p0	L	70	70	STSU.rEx	35	0	0.0	1	1	404	131	131	131	1.0
Group02_42p5-51p0	L	71	71	STSU.cEx	61	0	0.0	1	1	385	224	224	223	0.9955357142857143
Group02_42p5-51p0	L	72	72	STSU.r	266	0	0.0	1	1	1070	814	816	813	0.9987714987714987
Group02_42p5-51p0	L	73	73	STSU.ri	349	0	0.0	1	1	1539	1064	1061	1061	0.9971804511278195
Group02_42p5-51p0	L	74	74	STSU.ci	271	0	0.0	1	1	1010	795	798	794	0.9987421383647799
Group02_42p5-51p0	L	75	75	STSU.c	253	0	0.0	1	1	1072	702	700	700	0.9971509971509972
Group02_42p5-51p0	L	76	76	STSL.r	301	0	0.0	1	1	1439	926	925	924	0.9978401727861771
Group02_42p5-51p0	L	77	77	STSL.cIn	297	0	0.0	1	1	1088	942	944	942	1.0
Group02_42p5-51p0	L	78	78	STSL.cEx	220	0	0.0	1	1	1168	696	697	694	0.9971264367816092
Group02_42p5-51p0	L	79	79	ITG.gr	397	0	0.0	1	1	4243	1491	1491	1486	0.9966465459423206
Group02_42p5-51p0	L	80	80	ITG.gdc	423	0	0.0	1	1	4142	1627	1628	1625	0.9987707437000615
Group02_42p5-51p0	L	81	81	ITG.gvc	382	0	0.0	1	1	3359	1425	1422	1420	0.9964912280701754
Group02_42p5-51p0	L	82	82	PHG.r	115	0	0.0	1	1	2255	547	439	439	0.8025594149908593
Group02_42p5-51p0	L	83	83	PHG.mi	124	7	0.056451612903225805	1	2	1462	550	513	498	0.9054545454545454
Group02_42p5-51p0	L	84	84	PHG.li	93	0	0.0	1	1	1002	377	376	376	0.9973474801061007
Group02_42p5-51p0	L	85	85	PHG.cm	84	6	0.07142857142857142	1	1	619	393	328	328	0.8346055979643766
Group02_42p5-51p0	L	86	86	PHG.cl	121	0	0.0	1	1	441	426	429	424	0.9953051643192489
Group02_42p5-51p0	L	87	87	TP.vr	44	0	0.0	1	1	657	186	186	186	1.0
Group02_42p5-51p0	L	88	88	TP.mr	18	0	0.0	1	1	195	69	69	69	1.0
Group02_42p5-51p0	L	89	89	TP.lr	40	0	0.0	1	1	725	186	186	186	1.0
Group02_42p5-51p0	L	90	90	TP.dr	39	0	0.0	1	1	331	116	115	115	0.9913793103448276
Group02_42p5-51p0	L	91	91	TP.cEx	33	0	0.0	1	1	363	128	134	128	1.0
Group02_42p5-51p0	L	92	92	TP.cIn	40	0	0.0	1	1	86	51	74	51	1.0
Group02_42p5-51p0	L	93	93	V1.cm	368	2	0.005434782608695652	1	1	2192	1646	1643	1642	0.9975698663426489
Group02_42p5-51p0	L	94	94	V1.dl	502	0	0.0	1	1	3504	2247	2246	2243	0.9982198486871384
Group02_42p5-51p0	L	95	95	V1.vl	613	0	0.0	1	1	4961	2962	2964	2959	0.9989871708305199
Group02_42p5-51p0	L	96	96	V1.mvi	503	0	0.0	1	1	2978	2389	2393	2387	0.9991628296358309
Group02_42p5-51p0	L	97	97	V1.mdi	492	0	0.0	1	1	1589	1764	1764	1759	0.9971655328798186
Group02_42p5-51p0	L	98	98	V1.rm	195	6	0.03076923076923077	1	1	526	594	587	583	0.9814814814814815
Group02_42p5-51p0	L	99	99	V2.l	437	0	0.0	1	1	3003	1915	1919	1912	0.9984334203655353
Group02_42p5-51p0	L	100	100	V2.d	553	0	0.0	1	1	2410	2343	2342	2339	0.9982927870251814
Group02_42p5-51p0	L	101	101	V2.v	667	5	0.0074962518740629685	1	1	3956	2888	2885	2883	0.9982686980609419
Group02_42p5-51p0	L	102	102	V2.dm	461	0	0.0	1	1	2519	1825	1829	1822	0.9983561643835617
Group02_42p5-51p0	L	103	103	V2.vm	429	0	0.0	1	1	2714	1990	1999	1989	0.9994974874371859
Group02_42p5-51p0	L	104	104	VMO.l	177	0	0.0	1	1	1320	711	710	708	0.9957805907172996
Group02_42p5-51p0	L	105	105	VMO.i	336	0	0.0	1	1	2378	1268	1268	1267	0.999211356466877
Group02_42p5-51p0	L	106	106	VMO.m	432	0	0.0	1	1	3020	1740	1700	1691	0.9718390804597701
Group02_42p5-51p0	L	107	107	INS.vr	160	0	0.0	1	1	625	258	266	256	0.9922480620155039
Group02_42p5-51p0	L	108	108	INS.dr	132	0	0.0	1	1	642	287	295	287	1.0
Group02_42p5-51p0	L	109	109	INS.ri	117	0	0.0	1	1	533	334	336	334	1.0
Group02_42p5-51p0	L	110	110	INS.v	125	0	0.0	1	1	536	247	245	243	0.9838056680161943
Group02_42p5-51p0	L	111	111	INS.ci	108	0	0.0	1	1	458	307	306	306	0.996742671009772
Group02_42p5-51p0	L	112	112	INS.c	147	0	0.0	1	1	641	478	478	476	0.99581589958159
Group02_42p5-51p0	L	113	113	CG.vr	92	0	0.0	1	1	635	328	350	317	0.9664634146341463
Group02_42p5-51p0	L	114	114	CG.ir	104	0	0.0	1	1	522	372	377	371	0.9973118279569892
Group02_42p5-51p0	L	115	115	CG.dr	102	0	0.0	1	1	195	347	343	343	0.9884726224783862
Group02_42p5-51p0	L	116	116	CG.idr	144	0	0.0	1	1	458	429	429	428	0.9976689976689976
Group02_42p5-51p0	L	117	117	CG.idc	214	0	0.0	1	1	957	551	551	551	1.0
Group02_42p5-51p0	L	118	118	CG.ivr	143	0	0.0	1	1	1091	449	450	448	0.9977728285077951
Group02_42p5-51p0	L	119	119	CG.ivc	214	0	0.0	1	1	998	497	466	465	0.9356136820925554
Group02_42p5-51p0	L	120	120	CG.dc	193	23	0.11917098445595854	1	1	892	424	428	424	1.0
Group02_42p5-51p0	L	121	121	CG.vc	78	0	0.0	1	1	585	221	223	220	0.995475113122172
Group02_42p5-51p0	L	122	122	CG.RSr	56	8	0.14285714285714285	1	1	121	371	179	177	0.477088948787062
Group02_42p5-51p0	L	123	123	CG.Rsi	74	7	0.0945945945945946	1	1	110	371	220	219	0.5902964959568733
Group02_42p5-51p0	L	124	124	CG.RSc	56	6	0.10714285714285714	1	1	181	380	141	140	0.3684210526315789
Group02_42p5-51p0	R	1	125	FP.d	98	0	0.0	1	1	1609	525	524	523	0.9961904761904762
Group02_42p5-51p0	R	2	126	FP.m	58	0	0.0	1	1	1017	311	311	311	1.0
Group02_42p5-51p0	R	3	127	FP.v	81	0	0.0	1	1	1143	459	459	459	1.0
Group02_42p5-51p0	R	4	128	SFG.rm	87	0	0.0	1	1	914	374	375	373	0.9973262032085561
Group02_42p5-51p0	R	5	129	SFG.cm	95	0	0.0	1	1	880	382	381	381	0.9973821989528796
Group02_42p5-51p0	R	6	130	SFG.r	64	0	0.0	1	1	411	306	304	304	0.9934640522875817
Group02_42p5-51p0	R	7	131	SFG.ri	173	0	0.0	1	1	1872	822	824	822	1.0
Group02_42p5-51p0	R	8	132	SFG.ci	122	0	0.0	1	1	1383	537	537	537	1.0
Group02_42p5-51p0	R	9	133	SFG.c	83	0	0.0	1	1	645	404	405	403	0.9975247524752475
Group02_42p5-51p0	R	10	134	IFG.rd	176	0	0.0	1	1	1018	829	829	829	1.0
Group02_42p5-51p0	R	11	135	IFG.cd	128	0	0.0	1	1	649	646	646	646	1.0
Group02_42p5-51p0	R	12	136	IFG.cv	169	0	0.0	1	1	858	686	684	682	0.9941690962099126
Group02_42p5-51p0	R	13	137	IFG.iv	208	0	0.0	1	1	1431	878	875	875	0.9965831435079726
Group02_42p5-51p0	R	14	138	IFG.rv	202	0	0.0	1	1	2046	893	893	892	0.9988801791713325
Group02_42p5-51p0	R	15	139	OrG.rm	170	0	0.0	1	1	1621	721	722	719	0.9972260748959778
Group02_42p5-51p0	R	16	140	OrG.cm	151	0	0.0	1	1	1889	678	696	677	0.9985250737463127
Group02_42p5-51p0	R	17	141	OrG.ri	130	0	0.0	1	1	1870	611	612	611	1.0
Group02_42p5-51p0	R	18	142	OrG.ci	292	0	0.0	1	1	2212	1137	1190	1135	0.9982409850483729
Group02_42p5-51p0	R	19	143	OrG.rl	164	0	0.0	1	1	2073	751	747	747	0.9946737683089214
Group02_42p5-51p0	R	20	144	OrG.cl	211	0	0.0	1	1	1725	883	885	881	0.9977349943374858
Group02_42p5-51p0	R	21	145	M1.v	26	0	0.0	1	1	335	87	87	87	1.0
Group02_42p5-51p0	R	22	146	M1.i	270	0	0.0	1	1	2724	955	957	953	0.9979057591623036
Group02_42p5-51p0	R	23	147	M1.d	377	0	0.0	1	1	4068	1274	1273	1271	0.9976452119309263
Group02_42p5-51p0	R	24	148	M1.m	198	0	0.0	1	1	691	567	567	565	0.9964726631393298
Group02_42p5-51p0	R	25	149	PM.rd	194	0	0.0	1	1	1992	804	799	799	0.9937810945273632
Group02_42p5-51p0	R	26	150	PM.cd	232	0	0.0	1	1	2549	869	869	866	0.996547756041427
Group02_42p5-51p0	R	27	151	PM.i	195	0	0.0	1	1	2168	740	745	739	0.9986486486486487
Group02_42p5-51p0	R	28	152	PM.cv	161	0	0.0	1	1	2468	616	619	616	1.0
Group02_42p5-51p0	R	29	153	PM.rv	109	0	0.0	1	1	1400	427	427	426	0.9976580796252927
Group02_42p5-51p0	R	30	154	PM.rm	148	0	0.0	1	1	1673	529	532	529	1.0
Group02_42p5-51p0	R	31	155	PM.cm	232	0	0.0	1	1	1896	721	720	719	0.9972260748959778
Group02_42p5-51p0	R	32	156	PoCG.dm	449	4	0.008908685968819599	1	1	2787	1428	1425	1423	0.9964985994397759
Group02_42p5-51p0	R	33	157	PoCG.d	376	0	0.0	1	1	1816	1198	1203	1197	0.9991652754590985
Group02_42p5-51p0	R	34	158	PoCG.i	426	0	0.0	1	1	2542	1392	1392	1390	0.9985632183908046
Group02_42p5-51p0	R	35	159	PoCG.v	367	0	0.0	1	1	2582	1267	1264	1264	0.9976322020520916
Group02_42p5-51p0	R	36	160	FPOr	235	0	0.0	1	1	2558	980	980	979	0.9989795918367347
Group02_42p5-51p0	R	37	161	FPOri	377	0	0.0	1	1	2203	1252	1250	1249	0.9976038338658147
Group02_42p5-51p0	R	38	162	FPOci	434	0	0.0	1	1	1555	1241	1244	1240	0.9991941982272361
Group02_42p5-51p0	R	39	163	FPOc	259	0	0.0	1	1	771	726	723	723	0.9958677685950413
Group02_42p5-51p0	R	40	164	SPL.rv	499	0	0.0	1	1	1753	1486	1485	1481	0.9966352624495289
Group02_42p5-51p0	R	41	165	SPL.iv	394	0	0.0	1	1	1361	904	905	900	0.995575221238938
Group02_42p5-51p0	R	42	166	SPL.cv	191	0	0.0	1	1	1039	624	622	618	0.9903846153846154
Group02_42p5-51p0	R	43	167	SPL.rd	341	0	0.0	1	1	1465	968	970	965	0.996900826446281
Group02_42p5-51p0	R	44	168	SPL.cd	360	0	0.0	1	1	2146	1121	1125	1119	0.9982158786797503
Group02_42p5-51p0	R	45	169	SPL.m	140	0	0.0	1	1	303	388	386	386	0.9948453608247423
Group02_42p5-51p0	R	46	170	IPL.sr	161	0	0.0	1	1	445	358	357	357	0.9972067039106145
Group02_42p5-51p0	R	47	171	IPL.sri	203	0	0.0	1	1	691	504	506	503	0.998015873015873
Group02_42p5-51p0	R	48	172	IPL.sci	200	0	0.0	1	1	633	582	580	577	0.9914089347079038
Group02_42p5-51p0	R	49	173	IPL.sc	182	0	0.0	1	1	658	427	427	425	0.9953161592505855
Group02_42p5-51p0	R	50	174	IPL.gr	85	0	0.0	1	1	937	247	247	247	1.0
Group02_42p5-51p0	R	51	175	IPL.gri	70	0	0.0	1	1	605	159	159	159	1.0
Group02_42p5-51p0	R	52	176	IPL.gci	74	0	0.0	1	1	745	207	208	207	1.0
Group02_42p5-51p0	R	53	177	IPL.gc	65	0	0.0	1	1	581	236	236	235	0.9957627118644068
Group02_42p5-51p0	R	54	178	PrCu.vr	177	0	0.0	1	1	868	386	386	385	0.9974093264248705
Group02_42p5-51p0	R	55	179	PrCu.dr	126	0	0.0	1	1	915	403	404	403	1.0
Group02_42p5-51p0	R	56	180	PrCu.dc	127	0	0.0	1	1	651	343	344	341	0.9941690962099126
Group02_42p5-51p0	R	57	181	PrCu.di	123	0	0.0	1	1	479	250	248	248	0.992
Group02_42p5-51p0	R	58	182	PrCu.vi	124	0	0.0	1	1	643	273	274	273	1.0
Group02_42p5-51p0	R	59	183	PrCu.vc	163	0	0.0	1	1	935	557	555	551	0.9892280071813285
Group02_42p5-51p0	R	60	184	PrL.d	756	0	0.0	1	1	2799	2340	2343	2332	0.9965811965811966
Group02_42p5-51p0	R	61	185	PrL.i	643	0	0.0	1	1	3259	2164	2164	2159	0.9976894639556377
Group02_42p5-51p0	R	62	186	PrL.STS	791	0	0.0	1	1	3116	2310	2308	2306	0.9982683982683983
Group02_42p5-51p0	R	63	187	PrL.v	317	0	0.0	1	1	1717	1108	1110	1106	0.9981949458483754
Group02_42p5-51p0	R	64	188	SFL.r	371	0	0.0	1	1	1415	1129	1125	1125	0.9964570416297609
Group02_42p5-51p0	R	65	189	SFL.i	352	0	0.0	1	1	2224	1212	1216	1212	1.0
Group02_42p5-51p0	R	66	190	STG.gc	298	0	0.0	1	1	1720	914	914	914	1.0
Group02_42p5-51p0	R	67	191	STG.gr	75	0	0.0	1	1	1412	319	322	319	1.0
Group02_42p5-51p0	R	68	192	STG.gri	174	0	0.0	1	1	2293	653	653	653	1.0
Group02_42p5-51p0	R	69	193	STG.gci	85	0	0.0	1	1	613	275	274	274	0.9963636363636363
Group02_42p5-51p0	R	70	194	STSU.rEx	47	0	0.0	1	1	331	159	159	159	1.0
Group02_42p5-51p0	R	71	195	STSU.cEx	56	0	0.0	1	1	287	198	197	197	0.9949494949494949
Group02_42p5-51p0	R	72	196	STSU.r	251	0	0.0	1	1	1045	834	834	833	0.9988009592326139
Group02_42p5-51p0	R	73	197	STSU.ri	343	0	0.0	1	1	1399	1073	1074	1073	1.0
Group02_42p5-51p0	R	74	198	STSU.ci	296	0	0.0	1	1	1106	818	817	817	0.9987775061124694
Group02_42p5-51p0	R	75	199	STSU.c	237	0	0.0	1	1	821	529	531	529	1.0
Group02_42p5-51p0	R	76	200	STSL.r	279	0	0.0	1	1	1065	950	950	950	1.0
Group02_42p5-51p0	R	77	201	STSL.cIn	291	0	0.0	1	1	1066	869	867	867	0.997698504027618
Group02_42p5-51p0	R	78	202	STSL.cEx	211	0	0.0	1	1	1235	727	726	725	0.9972489683631361
Group02_42p5-51p0	R	79	203	ITG.gr	341	0	0.0	1	1	3212	1262	1261	1260	0.9984152139461173
Group02_42p5-51p0	R	80	204	ITG.gdc	453	0	0.0	1	1	4582	1648	1650	1648	1.0
Group02_42p5-51p0	R	81	205	ITG.gvc	460	2	0.004347826086956522	1	1	4132	1726	1727	1726	1.0
Group02_42p5-51p0	R	82	206	PHG.r	129	0	0.0	1	1	2314	499	494	487	0.9759519038076152
Group02_42p5-51p0	R	83	207	PHG.mi	127	5	0.03937007874015748	2	2	1639	564	567	537	0.9521276595744681
Group02_42p5-51p0	R	84	208	PHG.li	79	10	0.12658227848101267	1	1	965	338	339	338	1.0
Group02_42p5-51p0	R	85	209	PHG.cm	89	2	0.02247191011235955	1	1	600	371	342	342	0.921832884097035
Group02_42p5-51p0	R	86	210	PHG.cl	107	0	0.0	1	1	546	403	404	403	1.0
Group02_42p5-51p0	R	87	211	TP.vr	49	0	0.0	1	1	808	209	209	209	1.0
Group02_42p5-51p0	R	88	212	TP.mr	19	0	0.0	1	1	225	70	70	70	1.0
Group02_42p5-51p0	R	89	213	TP.lr	39	0	0.0	1	1	577	170	171	170	1.0
Group02_42p5-51p0	R	90	214	TP.dr	33	0	0.0	1	1	374	100	99	99	0.99
Group02_42p5-51p0	R	91	215	TP.cEx	34	0	0.0	1	1	331	121	134	121	1.0
Group02_42p5-51p0	R	92	216	TP.cIn	40	0	0.0	1	1	94	58	62	58	1.0
Group02_42p5-51p0	R	93	217	V1.cm	376	0	0.0	1	1	2509	1759	1758	1756	0.9982944855031268
Group02_42p5-51p0	R	94	218	V1.dl	582	0	0.0	1	1	4164	2707	2708	2704	0.9988917620982638
Group02_42p5-51p0	R	95	219	V1.vl	519	0	0.0	1	1	4663	2598	2597	2590	0.9969207082371054
Group02_42p5-51p0	R	96	220	V1.mvi	461	0	0.0	1	1	3195	2305	2303	2301	0.9982646420824295
Group02_42p5-51p0	R	97	221	V1.mdi	564	0	0.0	1	1	1778	2011	2007	2006	0.9975136747886624
Group02_42p5-51p0	R	98	222	V1.rm	165	8	0.048484848484848485	2	2	346	499	490	485	0.9719438877755511
Group02_42p5-51p0	R	99	223	V2.l	450	0	0.0	1	1	2806	2002	2000	1998	0.998001998001998
Group02_42p5-51p0	R	100	224	V2.d	537	3	0.00558659217877095	1	1	2380	2293	2291	2284	0.9960750109027475
Group02_42p5-51p0	R	101	225	V2.v	682	0	0.0	1	1	3683	2984	2989	2981	0.9989946380697051
Group02_42p5-51p0	R	102	226	V2.dm	473	0	0.0	1	1	2499	1880	1886	1874	0.9968085106382979
Group02_42p5-51p0	R	103	227	V2.vm	398	6	0.01507537688442211	1	1	2817	1888	1860	1857	0.9835805084745762
Group02_42p5-51p0	R	104	228	VMO.l	202	0	0.0	1	1	1753	777	775	774	0.9961389961389961
Group02_42p5-51p0	R	105	229	VMO.i	440	0	0.0	1	1	2496	1666	1665	1663	0.9981992797118847
Group02_42p5-51p0	R	106	230	VMO.m	288	0	0.0	1	1	1627	1165	1054	1052	0.9030042918454936
Group02_42p5-51p0	R	107	231	INS.vr	150	0	0.0	1	1	518	216	223	215	0.9953703703703703
Group02_42p5-51p0	R	108	232	INS.dr	146	0	0.0	1	1	707	387	387	385	0.9948320413436692
Group02_42p5-51p0	R	109	233	INS.ri	111	0	0.0	1	1	502	318	316	314	0.9874213836477987
Group02_42p5-51p0	R	110	234	INS.v	131	0	0.0	1	1	592	287	288	287	1.0
Group02_42p5-51p0	R	111	235	INS.ci	109	0	0.0	1	1	429	370	371	367	0.9918918918918919
Group02_42p5-51p0	R	112	236	INS.c	150	0	0.0	1	1	577	504	504	500	0.9920634920634921
Group02_42p5-51p0	R	113	237	CG.vr	84	0	0.0	1	1	506	321	348	310	0.9657320872274143
Group02_42p5-51p0	R	114	238	CG.ir	111	0	0.0	1	1	497	451	417	416	0.9223946784922394
Group02_42p5-51p0	R	115	239	CG.dr	102	0	0.0	1	1	267	379	379	378	0.9973614775725593
Group02_42p5-51p0	R	116	240	CG.idr	153	0	0.0	1	1	675	460	459	459	0.9978260869565218
Group02_42p5-51p0	R	117	241	CG.idc	196	0	0.0	1	1	896	498	498	498	1.0
Group02_42p5-51p0	R	118	242	CG.ivr	167	0	0.0	1	1	958	588	564	560	0.9523809523809523
Group02_42p5-51p0	R	119	243	CG.ivc	265	0	0.0	1	1	928	653	628	622	0.9525267993874426
Group02_42p5-51p0	R	120	244	CG.dc	120	0	0.0	1	1	549	228	227	227	0.9956140350877193
Group02_42p5-51p0	R	121	245	CG.vc	75	0	0.0	1	1	407	173	172	172	0.9942196531791907
Group02_42p5-51p0	R	122	246	CG.RSr	16	0	0.0	1	1	45	246	71	70	0.2845528455284553
Group02_42p5-51p0	R	123	247	CG.Rsi	83	0	0.0	1	1	128	452	243	242	0.5353982300884956
Group02_42p5-51p0	R	124	248	CG.RSc	69	6	0.08695652173913043	1	1	179	343	136	135	0.3935860058309038
Group03_51p0-59p5	L	1	1	FP.d	90	0	0.0	1	1	1275	441	443	441	1.0
Group03_51p0-59p5	L	2	2	FP.m	65	0	0.0	1	1	1177	339	339	339	1.0
Group03_51p0-59p5	L	3	3	FP.v	76	0	0.0	1	1	716	378	379	378	1.0
Group03_51p0-59p5	L	4	4	SFG.rm	92	0	0.0	1	1	929	390	388	388	0.9948717948717949
Group03_51p0-59p5	L	5	5	SFG.cm	83	0	0.0	1	1	769	304	304	304	1.0
Group03_51p0-59p5	L	6	6	SFG.r	82	0	0.0	1	1	517	383	382	381	0.9947780678851175
Group03_51p0-59p5	L	7	7	SFG.ri	159	0	0.0	1	1	1901	754	755	752	0.9973474801061007
Group03_51p0-59p5	L	8	8	SFG.ci	131	0	0.0	1	1	1418	587	587	585	0.9965928449744463
Group03_51p0-59p5	L	9	9	SFG.c	79	0	0.0	1	1	477	349	347	347	0.994269340974212
Group03_51p0-59p5	L	10	10	IFG.rd	177	0	0.0	1	1	1145	844	843	842	0.9976303317535545
Group03_51p0-59p5	L	11	11	IFG.cd	132	0	0.0	1	1	934	660	661	659	0.9984848484848485
Group03_51p0-59p5	L	12	12	IFG.cv	161	0	0.0	1	1	1023	629	630	629	1.0
Group03_51p0-59p5	L	13	13	IFG.iv	208	0	0.0	1	1	1105	786	785	784	0.9974554707379135
Group03_51p0-59p5	L	14	14	IFG.rv	204	0	0.0	1	1	1429	861	859	859	0.9976771196283392
Group03_51p0-59p5	L	15	15	OrG.rm	180	0	0.0	1	1	2174	770	770	770	1.0
Group03_51p0-59p5	L	16	16	OrG.cm	175	0	0.0	1	1	1904	757	785	757	1.0
Group03_51p0-59p5	L	17	17	OrG.ri	184	0	0.0	1	1	2243	812	812	812	1.0
Group03_51p0-59p5	L	18	18	OrG.ci	245	0	0.0	1	1	2046	951	1004	949	0.9978969505783386
Group03_51p0-59p5	L	19	19	OrG.rl	139	0	0.0	1	1	1963	638	639	638	1.0
Group03_51p0-59p5	L	20	20	OrG.cl	191	0	0.0	1	1	2011	825	826	823	0.9975757575757576
Group03_51p0-59p5	L	21	21	M1.v	41	0	0.0	1	1	455	129	129	127	0.9844961240310077
Group03_51p0-59p5	L	22	22	M1.i	227	0	0.0	1	1	2175	768	766	765	0.99609375
Group03_51p0-59p5	L	23	23	M1.d	364	0	0.0	1	1	3565	1209	1208	1208	0.9991728701406121
Group03_51p0-59p5	L	24	24	M1.m	225	0	0.0	1	1	1074	607	605	604	0.9950576606260296
Group03_51p0-59p5	L	25	25	PM.rd	201	0	0.0	1	1	2233	792	795	792	1.0
Group03_51p0-59p5	L	26	26	PM.cd	227	0	0.0	1	1	2228	788	786	786	0.9974619289340102
Group03_51p0-59p5	L	27	27	PM.i	224	0	0.0	1	1	1891	867	867	866	0.9988465974625144
Group03_51p0-59p5	L	28	28	PM.cv	137	0	0.0	1	1	2241	528	529	527	0.9981060606060606
Group03_51p0-59p5	L	29	29	PM.rv	143	0	0.0	1	1	1665	527	527	525	0.9962049335863378
Group03_51p0-59p5	L	30	30	PM.rm	116	0	0.0	1	1	1026	401	401	401	1.0
Group03_51p0-59p5	L	31	31	PM.cm	226	0	0.0	1	1	1756	700	700	699	0.9985714285714286
Group03_51p0-59p5	L	32	32	PoCG.dm	410	0	0.0	1	1	2488	1245	1246	1242	0.9975903614457832
Group03_51p0-59p5	L	33	33	PoCG.d	387	0	0.0	1	1	1767	1223	1223	1220	0.9975470155355682
Group03_51p0-59p5	L	34	34	PoCG.i	472	0	0.0	1	1	2385	1466	1464	1463	0.9979536152796725
Group03_51p0-59p5	L	35	35	PoCG.v	361	0	0.0	1	1	2440	1160	1161	1157	0.9974137931034482
Group03_51p0-59p5	L	36	36	FPOr	203	0	0.0	1	1	2054	785	788	785	1.0
Group03_51p0-59p5	L	37	37	FPOri	348	0	0.0	1	1	1989	1180	1180	1174	0.9949152542372881
Group03_51p0-59p5	L	38	38	FPOci	485	0	0.0	1	1	1788	1383	1377	1373	0.9927693420101229
Group03_51p0-59p5	L	39	39	FPOc	273	0	0.0	1	1	717	793	797	792	0.9987389659520807
Group03_51p0-59p5	L	40	40	SPL.rv	456	0	0.0	1	1	1665	1419	1419	1412	0.9950669485553206
Group03_51p0-59p5	L	41	41	SPL.iv	423	1	0.002364066193853428	1	1	1221	1091	1092	1088	0.997250229147571
Group03_51p0-59p5	L	42	42	SPL.cv	259	3	0.011583011583011582	1	1	1321	763	758	757	0.9921363040629095
Group03_51p0-59p5	L	43	43	SPL.rd	324	0	0.0	1	1	1458	866	865	861	0.9942263279445728
Group03_51p0-59p5	L	44	44	SPL.cd	322	0	0.0	1	1	1881	1029	1031	1023	0.9941690962099126
Group03_51p0-59p5	L	45	45	SPL.m	136	0	0.0	1	1	338	420	422	419	0.9976190476190476
Group03_51p0-59p5	L	46	46	IPL.sr	171	0	0.0	1	1	587	420	422	419	0.9976190476190476
Group03_51p0-59p5	L	47	47	IPL.sri	226	0	0.0	1	1	925	599	603	597	0.996661101836394
Group03_51p0-59p5	L	48	48	IPL.sci	181	0	0.0	1	1	766	567	563	559	0.9858906525573192
Group03_51p0-59p5	L	49	49	IPL.sc	184	1	0.005434782608695652	1	1	739	466	468	464	0.9957081545064378
Group03_51p0-59p5	L	50	50	IPL.gr	78	0	0.0	1	1	787	234	234	234	1.0
Group03_51p0-59p5	L	51	51	IPL.gri	71	0	0.0	1	1	669	196	195	195	0.9948979591836735
Group03_51p0-59p5	L	52	52	IPL.gci	72	0	0.0	1	1	530	158	158	157	0.9936708860759493
Group03_51p0-59p5	L	53	53	IPL.gc	60	0	0.0	1	1	608	197	197	196	0.9949238578680203
Group03_51p0-59p5	L	54	54	PrCu.vr	152	0	0.0	1	1	777	387	387	386	0.9974160206718347
Group03_51p0-59p5	L	55	55	PrCu.dr	122	0	0.0	1	1	711	411	412	409	0.9951338199513382
Group03_51p0-59p5	L	56	56	PrCu.dc	140	0	0.0	1	1	840	384	384	383	0.9973958333333334
Group03_51p0-59p5	L	57	57	PrCu.di	151	0	0.0	1	1	919	355	354	354	0.9971830985915493
Group03_51p0-59p5	L	58	58	PrCu.vi	151	0	0.0	1	1	808	302	302	302	1.0
Group03_51p0-59p5	L	59	59	PrCu.vc	124	0	0.0	1	1	674	409	412	407	0.9951100244498777
Group03_51p0-59p5	L	60	60	PrL.d	714	2	0.0028011204481792717	1	1	2568	2315	2322	2309	0.9974082073434125
Group03_51p0-59p5	L	61	61	PrL.i	631	0	0.0	1	1	3294	2051	2051	2044	0.9965870307167235
Group03_51p0-59p5	L	62	62	PrL.STS	832	0	0.0	1	1	3335	2548	2550	2547	0.999607535321821
Group03_51p0-59p5	L	63	63	PrL.v	317	0	0.0	1	1	1804	1107	1108	1105	0.998193315266486
Group03_51p0-59p5	L	64	64	SFL.r	347	0	0.0	1	1	1087	1021	1021	1018	0.9970617042115573
Group03_51p0-59p5	L	65	65	SFL.i	325	0	0.0	1	1	1998	1127	1125	1124	0.997338065661047
Group03_51p0-59p5	L	66	66	STG.gc	309	0	0.0	1	1	1954	1031	1036	1031	1.0
Group03_51p0-59p5	L	67	67	STG.gr	101	0	0.0	1	1	1687	412	410	409	0.9927184466019418
Group03_51p0-59p5	L	68	68	STG.gri	173	0	0.0	1	1	2110	659	662	659	1.0
Group03_51p0-59p5	L	69	69	STG.gci	90	0	0.0	1	1	602	298	299	297	0.9966442953020134
Group03_51p0-59p5	L	70	70	STSU.rEx	35	0	0.0	1	1	347	140	138	138	0.9857142857142858
Group03_51p0-59p5	L	71	71	STSU.cEx	61	0	0.0	1	1	355	212	214	212	1.0
Group03_51p0-59p5	L	72	72	STSU.r	265	0	0.0	1	1	1142	822	824	821	0.9987834549878345
Group03_51p0-59p5	L	73	73	STSU.ri	347	0	0.0	1	1	1464	1068	1064	1064	0.9962546816479401
Group03_51p0-59p5	L	74	74	STSU.ci	269	0	0.0	1	1	1066	802	802	802	1.0
Group03_51p0-59p5	L	75	75	STSU.c	254	0	0.0	1	1	1056	659	657	656	0.9954476479514416
Group03_51p0-59p5	L	76	76	STSL.r	303	0	0.0	1	1	1484	992	994	992	1.0
Group03_51p0-59p5	L	77	77	STSL.cIn	298	0	0.0	1	1	1165	955	954	954	0.9989528795811519
Group03_51p0-59p5	L	78	78	STSL.cEx	221	0	0.0	1	1	1153	718	716	716	0.9972144846796658
Group03_51p0-59p5	L	79	79	ITG.gr	398	6	0.01507537688442211	1	1	3932	1477	1475	1473	0.997291807718348
Group03_51p0-59p5	L	80	80	ITG.gdc	423	0	0.0	1	1	4003	1561	1562	1559	0.9987187700192185
Group03_51p0-59p5	L	81	81	ITG.gvc	382	0	0.0	1	1	3203	1420	1423	1419	0.9992957746478873
Group03_51p0-59p5	L	82	82	PHG.r	117	1	0.008547008547008548	1	1	1994	503	433	432	0.8588469184890656
Group03_51p0-59p5	L	83	83	PHG.mi	126	7	0.05555555555555555	2	2	1564	544	550	525	0.9650735294117647
Group03_51p0-59p5	L	84	84	PHG.li	93	0	0.0	1	1	934	372	372	371	0.9973118279569892
Group03_51p0-59p5	L	85	85	PHG.cm	84	5	0.05952380952380952	1	1	580	349	315	314	0.8997134670487106
Group03_51p0-59p5	L	86	86	PHG.cl	121	0	0.0	1	1	539	456	453	452	0.9912280701754386
Group03_51p0-59p5	L	87	87	TP.vr	44	0	0.0	1	1	604	187	187	187	1.0
Group03_51p0-59p5	L	88	88	TP.mr	18	0	0.0	1	1	181	57	57	57	1.0
Group03_51p0-59p5	L	89	89	TP.lr	40	0	0.0	1	1	727	174	174	174	1.0
Group03_51p0-59p5	L	90	90	TP.dr	38	0	0.0	1	1	434	123	123	123	1.0
Group03_51p0-59p5	L	91	91	TP.cEx	33	4	0.12121212121212122	1	1	397	130	141	130	1.0
Group03_51p0-59p5	L	92	92	TP.cIn	40	0	0.0	1	1	90	63	85	63	1.0
Group03_51p0-59p5	L	93	93	V1.cm	368	0	0.0	1	1	2187	1636	1638	1634	0.9987775061124694
Group03_51p0-59p5	L	94	94	V1.dl	502	0	0.0	1	1	3392	2217	2215	2213	0.9981957600360848
Group03_51p0-59p5	L	95	95	V1.vl	613	1	0.0016313213703099511	1	1	4801	2952	2951	2948	0.9986449864498645
Group03_51p0-59p5	L	96	96	V1.mvi	503	0	0.0	1	1	3033	2524	2528	2520	0.9984152139461173
Group03_51p0-59p5	L	97	97	V1.mdi	492	0	0.0	1	1	1515	1819	1818	1814	0.9972512369433755
Group03_51p0-59p5	L	98	98	V1.rm	196	1	0.00510204081632653	1	1	536	555	567	555	1.0
Group03_51p0-59p5	L	99	99	V2.l	437	6	0.013729977116704805	1	1	2624	1778	1776	1774	0.9977502812148481
Group03_51p0-59p5	L	100	100	V2.d	552	0	0.0	1	1	2091	2220	2214	2212	0.9963963963963964
Group03_51p0-59p5	L	101	101	V2.v	666	9	0.013513513513513514	1	1	3697	2928	2927	2922	0.9979508196721312
Group03_51p0-59p5	L	102	102	V2.dm	459	0	0.0	1	1	2596	1906	1901	1897	0.9952780692549843
Group03_51p0-59p5	L	103	103	V2.vm	429	1	0.002331002331002331	1	1	2601	1863	1863	1854	0.9951690821256038
Group03_51p0-59p5	L	104	104	VMO.l	178	0	0.0	1	1	1316	687	688	686	0.9985443959243085
Group03_51p0-59p5	L	105	105	VMO.i	336	0	0.0	1	1	2275	1283	1281	1280	0.9976617303195635
Group03_51p0-59p5	L	106	106	VMO.m	433	10	0.023094688221709007	1	1	2826	1647	1600	1595	0.9684274438372799
Group03_51p0-59p5	L	107	107	INS.vr	163	0	0.0	1	1	499	243	253	241	0.9917695473251029
Group03_51p0-59p5	L	108	108	INS.dr	132	0	0.0	1	1	538	257	255	254	0.9883268482490273
Group03_51p0-59p5	L	109	109	INS.ri	117	0	0.0	1	1	535	320	319	319	0.996875
Group03_51p0-59p5	L	110	110	INS.v	123	0	0.0	1	1	559	245	246	244	0.9959183673469387
Group03_51p0-59p5	L	111	111	INS.ci	106	0	0.0	1	1	471	308	307	306	0.9935064935064936
Group03_51p0-59p5	L	112	112	INS.c	148	0	0.0	1	1	650	479	482	479	1.0
Group03_51p0-59p5	L	113	113	CG.vr	92	0	0.0	1	1	591	288	317	276	0.9583333333333334
Group03_51p0-59p5	L	114	114	CG.ir	104	0	0.0	1	1	580	372	372	372	1.0
Group03_51p0-59p5	L	115	115	CG.dr	102	0	0.0	1	1	212	335	333	333	0.9940298507462687
Group03_51p0-59p5	L	116	116	CG.idr	144	0	0.0	1	1	450	444	445	444	1.0
Group03_51p0-59p5	L	117	117	CG.idc	214	0	0.0	1	1	962	599	598	598	0.998330550918197
Group03_51p0-59p5	L	118	118	CG.ivr	141	0	0.0	1	1	1136	469	460	459	0.9786780383795309
Group03_51p0-59p5	L	119	119	CG.ivc	207	0	0.0	1	1	1008	551	488	485	0.8802177858439202
Group03_51p0-59p5	L	120	120	CG.dc	189	0	0.0	1	1	804	418	416	416	0.9952153110047847
Group03_51p0-59p5	L	121	121	CG.vc	75	0	0.0	1	1	462	191	188	187	0.9790575916230366
Group03_51p0-59p5	L	122	122	CG.RSr	42	0	0.0	1	1	119	362	152	152	0.4198895027624309
Group03_51p0-59p5	L	123	123	CG.Rsi	92	0	0.0	1	1	174	333	235	234	0.7027027027027027
Group03_51p0-59p5	L	124	124	CG.RSc	64	13	0.203125	1	1	218	390	190	189	0.4846153846153846
Group03_51p0-59p5	R	1	125	FP.d	98	0	0.0	1	1	1353	486	488	486	1.0
Group03_51p0-59p5	R	2	126	FP.m	58	0	0.0	1	1	919	293	293	293	1.0
Group03_51p0-59p5	R	3	127	FP.v	81	0	0.0	1	1	1021	413	411	411	0.9951573849878934
Group03_51p0-59p5	R	4	128	SFG.rm	87	0	0.0	1	1	770	382	382	382	1.0
Group03_51p0-59p5	R	5	129	SFG.cm	95	0	0.0	1	1	878	385	384	384	0.9974025974025974
Group03_51p0-59p5	R	6	130	SFG.r	64	0	0.0	1	1	416	299	299	299	1.0
Group03_51p0-59p5	R	7	131	SFG.ri	173	0	0.0	1	1	1935	833	832	830	0.9963985594237695
Group03_51p0-59p5	R	8	132	SFG.ci	122	0	0.0	1	1	1313	521	524	520	0.9980806142034548
Group03_51p0-59p5	R	9	133	SFG.c	84	0	0.0	1	1	585	385	385	384	0.9974025974025974
Group03_51p0-59p5	R	10	134	IFG.rd	176	0	0.0	1	1	1155	855	856	855	1.0
Group03_51p0-59p5	R	11	135	IFG.cd	128	0	0.0	1	1	764	649	649	649	1.0
Group03_51p0-59p5	R	12	136	IFG.cv	168	0	0.0	1	1	949	673	672	671	0.9970282317979198
Group03_51p0-59p5	R	13	137	IFG.iv	208	0	0.0	1	1	1368	855	855	855	1.0
Group03_51p0-59p5	R	14	138	IFG.rv	202	0	0.0	1	1	1933	928	929	927	0.9989224137931034
Group03_51p0-59p5	R	15	139	OrG.rm	170	0	0.0	1	1	1660	711	712	710	0.9985935302390999
Group03_51p0-59p5	R	16	140	OrG.cm	151	0	0.0	1	1	1825	646	671	646	1.0
Group03_51p0-59p5	R	17	141	OrG.ri	130	0	0.0	1	1	1892	601	600	599	0.9966722129783694
Group03_51p0-59p5	R	18	142	OrG.ci	293	0	0.0	1	1	2161	1134	1186	1131	0.9973544973544973
Group03_51p0-59p5	R	19	143	OrG.rl	164	0	0.0	1	1	2117	764	762	761	0.9960732984293194
Group03_51p0-59p5	R	20	144	OrG.cl	210	0	0.0	1	1	1946	859	859	856	0.9965075669383003
Group03_51p0-59p5	R	21	145	M1.v	26	0	0.0	1	1	313	94	95	94	1.0
Group03_51p0-59p5	R	22	146	M1.i	269	0	0.0	1	1	2635	919	920	917	0.9978237214363439
Group03_51p0-59p5	R	23	147	M1.d	377	0	0.0	1	1	4008	1249	1249	1247	0.9983987189751802
Group03_51p0-59p5	R	24	148	M1.m	198	0	0.0	1	1	739	573	570	568	0.9912739965095986
Group03_51p0-59p5	R	25	149	PM.rd	194	0	0.0	1	1	1830	759	760	758	0.9986824769433466
Group03_51p0-59p5	R	26	150	PM.cd	232	0	0.0	1	1	2439	840	837	836	0.9952380952380953
Group03_51p0-59p5	R	27	151	PM.i	195	0	0.0	1	1	2039	754	755	753	0.9986737400530504
Group03_51p0-59p5	R	28	152	PM.cv	161	0	0.0	1	1	2295	565	565	564	0.9982300884955753
Group03_51p0-59p5	R	29	153	PM.rv	109	0	0.0	1	1	1413	440	441	440	1.0
Group03_51p0-59p5	R	30	154	PM.rm	148	0	0.0	1	1	1635	516	515	515	0.998062015503876
Group03_51p0-59p5	R	31	155	PM.cm	232	0	0.0	1	1	1844	723	725	721	0.9972337482710927
Group03_51p0-59p5	R	32	156	PoCG.dm	450	0	0.0	1	1	2818	1454	1453	1452	0.9986244841815681
Group03_51p0-59p5	R	33	157	PoCG.d	377	0	0.0	1	1	1831	1206	1205	1202	0.9966832504145937
Group03_51p0-59p5	R	34	158	PoCG.i	427	0	0.0	1	1	2544	1402	1402	1401	0.9992867332382311
Group03_51p0-59p5	R	35	159	PoCG.v	366	0	0.0	1	1	2593	1322	1319	1318	0.9969742813918305
Group03_51p0-59p5	R	36	160	FPOr	235	0	0.0	1	1	2584	999	999	998	0.998998998998999
Group03_51p0-59p5	R	37	161	FPOri	378	0	0.0	1	1	2252	1219	1219	1217	0.9983593109105825
Group03_51p0-59p5	R	38	162	FPOci	434	0	0.0	1	1	1565	1292	1295	1292	1.0
Group03_51p0-59p5	R	39	163	FPOc	259	0	0.0	1	1	899	802	799	799	0.9962593516209476
Group03_51p0-59p5	R	40	164	SPL.rv	498	0	0.0	1	1	1815	1500	1497	1493	0.9953333333333333
Group03_51p0-59p5	R	41	165	SPL.iv	392	0	0.0	1	1	1327	965	964	960	0.9948186528497409
Group03_51p0-59p5	R	42	166	SPL.cv	190	0	0.0	1	1	955	580	582	579	0.9982758620689656
Group03_51p0-59p5	R	43	167	SPL.rd	338	0	0.0	1	1	1593	1015	1017	1012	0.9970443349753695
Group03_51p0-59p5	R	44	168	SPL.cd	361	0	0.0	1	1	2131	1077	1082	1074	0.9972144846796658
Group03_51p0-59p5	R	45	169	SPL.m	139	0	0.0	1	1	318	396	397	395	0.9974747474747475
Group03_51p0-59p5	R	46	170	IPL.sr	163	0	0.0	1	1	431	367	369	367	1.0
Group03_51p0-59p5	R	47	171	IPL.sri	203	0	0.0	1	1	718	544	544	544	1.0
Group03_51p0-59p5	R	48	172	IPL.sci	200	0	0.0	1	1	633	600	598	598	0.9966666666666667
Group03_51p0-59p5	R	49	173	IPL.sc	181	0	0.0	1	1	679	450	452	450	1.0
Group03_51p0-59p5	R	50	174	IPL.gr	86	0	0.0	1	1	878	249	246	246	0.9879518072289156
Group03_51p0-59p5	R	51	175	IPL.gri	70	0	0.0	1	1	706	173	173	173	1.0
Group03_51p0-59p5	R	52	176	IPL.gci	74	0	0.0	1	1	582	142	143	142	1.0
Group03_51p0-59p5	R	53	177	IPL.gc	66	0	0.0	1	1	546	202	203	201	0.995049504950495
Group03_51p0-59p5	R	54	178	PrCu.vr	179	0	0.0	1	1	855	416	416	415	0.9975961538461539
Group03_51p0-59p5	R	55	179	PrCu.dr	124	0	0.0	1	1	875	418	416	415	0.992822966507177
Group03_51p0-59p5	R	56	180	PrCu.dc	126	0	0.0	1	1	693	350	348	347	0.9914285714285714
Group03_51p0-59p5	R	57	181	PrCu.di	122	0	0.0	1	1	595	294	293	293	0.9965986394557823
Group03_51p0-59p5	R	58	182	PrCu.vi	128	0	0.0	1	1	775	294	298	294	1.0
Group03_51p0-59p5	R	59	183	PrCu.vc	161	0	0.0	1	1	800	528	524	523	0.990530303030303
Group03_51p0-59p5	R	60	184	PrL.d	762	0	0.0	1	1	2694	2391	2390	2384	0.9970723546633208
Group03_51p0-59p5	R	61	185	PrL.i	642	0	0.0	1	1	3610	2103	2104	2099	0.9980979553019496
Group03_51p0-59p5	R	62	186	PrL.STS	790	0	0.0	1	1	3225	2394	2392	2390	0.9983291562238931
Group03_51p0-59p5	R	63	187	PrL.v	317	0	0.0	1	1	1683	1089	1086	1084	0.9954086317722681
Group03_51p0-59p5	R	64	188	SFL.r	371	0	0.0	1	1	1437	1153	1154	1152	0.9991326973113617
Group03_51p0-59p5	R	65	189	SFL.i	352	0	0.0	1	1	2203	1231	1230	1229	0.9983753046303818
Group03_51p0-59p5	R	66	190	STG.gc	299	0	0.0	1	1	1859	948	949	948	1.0
Group03_51p0-59p5	R	67	191	STG.gr	75	0	0.0	1	1	1336	308	309	308	1.0
Group03_51p0-59p5	R	68	192	STG.gri	174	0	0.0	1	1	2310	649	652	649	1.0
Group03_51p0-59p5	R	69	193	STG.gci	85	0	0.0	1	1	638	282	283	281	0.9964539007092199
Group03_51p0-59p5	R	70	194	STSU.rEx	47	0	0.0	1	1	320	170	167	167	0.9823529411764705
Group03_51p0-59p5	R	71	195	STSU.cEx	57	0	0.0	1	1	293	202	201	201	0.995049504950495
Group03_51p0-59p5	R	72	196	STSU.r	251	0	0.0	1	1	1187	880	879	876	0.9954545454545455
Group03_51p0-59p5	R	73	197	STSU.ri	341	0	0.0	1	1	1394	1066	1068	1066	1.0
Group03_51p0-59p5	R	74	198	STSU.ci	296	0	0.0	1	1	1111	791	789	789	0.9974715549936789
Group03_51p0-59p5	R	75	199	STSU.c	237	0	0.0	1	1	1070	549	550	548	0.9981785063752276
Group03_51p0-59p5	R	76	200	STSL.r	280	0	0.0	1	1	1166	979	979	975	0.9959141981613892
Group03_51p0-59p5	R	77	201	STSL.cIn	291	0	0.0	1	1	1133	948	944	943	0.9947257383966245
Group03_51p0-59p5	R	78	202	STSL.cEx	212	0	0.0	1	1	1249	713	718	712	0.9985974754558204
Group03_51p0-59p5	R	79	203	ITG.gr	341	0	0.0	1	1	3003	1258	1259	1258	1.0
Group03_51p0-59p5	R	80	204	ITG.gdc	452	0	0.0	1	1	4656	1686	1687	1684	0.9988137603795967
Group03_51p0-59p5	R	81	205	ITG.gvc	459	0	0.0	1	1	4191	1724	1726	1724	1.0
Group03_51p0-59p5	R	82	206	PHG.r	126	0	0.0	1	1	2176	523	469	465	0.8891013384321224
Group03_51p0-59p5	R	83	207	PHG.mi	124	5	0.04032258064516129	2	2	1684	554	543	512	0.924187725631769
Group03_51p0-59p5	R	84	208	PHG.li	79	0	0.0	1	1	944	313	313	313	1.0
Group03_51p0-59p5	R	85	209	PHG.cm	79	10	0.12658227848101267	1	1	453	370	294	293	0.7918918918918919
Group03_51p0-59p5	R	86	210	PHG.cl	108	0	0.0	1	1	575	396	396	395	0.9974747474747475
Group03_51p0-59p5	R	87	211	TP.vr	49	0	0.0	1	1	780	205	205	203	0.9902439024390244
Group03_51p0-59p5	R	88	212	TP.mr	19	0	0.0	1	1	276	67	67	67	1.0
Group03_51p0-59p5	R	89	213	TP.lr	39	0	0.0	1	1	704	187	187	187	1.0
Group03_51p0-59p5	R	90	214	TP.dr	33	0	0.0	1	1	394	111	111	111	1.0
Group03_51p0-59p5	R	91	215	TP.cEx	33	0	0.0	1	1	381	123	133	122	0.991869918699187
Group03_51p0-59p5	R	92	216	TP.cIn	43	0	0.0	1	1	99	56	60	56	1.0
Group03_51p0-59p5	R	93	217	V1.cm	376	0	0.0	1	1	2369	1725	1722	1721	0.9976811594202899
Group03_51p0-59p5	R	94	218	V1.dl	582	0	0.0	1	1	4084	2649	2653	2646	0.9988674971687429
Group03_51p0-59p5	R	95	219	V1.vl	519	0	0.0	1	1	4517	2585	2584	2582	0.9988394584139265
Group03_51p0-59p5	R	96	220	V1.mvi	461	0	0.0	1	1	2979	2365	2367	2364	0.9995771670190274
Group03_51p0-59p5	R	97	221	V1.mdi	565	0	0.0	1	1	1740	2090	2092	2090	1.0
Group03_51p0-59p5	R	98	222	V1.rm	167	4	0.023952095808383235	2	2	349	454	463	449	0.9889867841409692
Group03_51p0-59p5	R	99	223	V2.l	450	0	0.0	1	1	2672	1942	1941	1939	0.9984552008238929
Group03_51p0-59p5	R	100	224	V2.d	537	0	0.0	1	1	2269	2200	2202	2198	0.9990909090909091
Group03_51p0-59p5	R	101	225	V2.v	680	3	0.004411764705882353	1	1	3581	2999	2994	2993	0.9979993331110371
Group03_51p0-59p5	R	102	226	V2.dm	473	0	0.0	1	1	2388	1787	1789	1783	0.9977616116396195
Group03_51p0-59p5	R	103	227	V2.vm	406	4	0.009852216748768473	1	1	2541	1728	1722	1712	0.9907407407407407
Group03_51p0-59p5	R	104	228	VMO.l	203	0	0.0	1	1	1710	792	797	792	1.0
Group03_51p0-59p5	R	105	229	VMO.i	441	0	0.0	1	1	2568	1648	1645	1645	0.9981796116504854
Group03_51p0-59p5	R	106	230	VMO.m	284	9	0.03169014084507042	1	1	1620	1107	1035	1032	0.9322493224932249
Group03_51p0-59p5	R	107	231	INS.vr	149	0	0.0	1	1	472	219	227	218	0.9954337899543378
Group03_51p0-59p5	R	108	232	INS.dr	146	0	0.0	1	1	697	331	330	329	0.9939577039274925
Group03_51p0-59p5	R	109	233	INS.ri	110	0	0.0	1	1	593	345	347	345	1.0
Group03_51p0-59p5	R	110	234	INS.v	131	0	0.0	1	1	528	280	279	279	0.9964285714285714
Group03_51p0-59p5	R	111	235	INS.ci	110	0	0.0	1	1	465	351	348	348	0.9914529914529915
Group03_51p0-59p5	R	112	236	INS.c	148	0	0.0	1	1	611	501	501	500	0.998003992015968
Group03_51p0-59p5	R	113	237	CG.vr	83	0	0.0	1	1	419	314	348	303	0.964968152866242
Group03_51p0-59p5	R	114	238	CG.ir	114	0	0.0	1	1	461	467	437	436	0.9336188436830836
Group03_51p0-59p5	R	115	239	CG.dr	102	0	0.0	1	1	274	390	387	387	0.9923076923076923
Group03_51p0-59p5	R	116	240	CG.idr	153	0	0.0	1	1	729	501	503	501	1.0
Group03_51p0-59p5	R	117	241	CG.idc	195	0	0.0	1	1	917	519	517	517	0.9961464354527938
Group03_51p0-59p5	R	118	242	CG.ivr	168	0	0.0	1	1	901	537	526	524	0.9757914338919925
Group03_51p0-59p5	R	119	243	CG.ivc	264	0	0.0	1	1	933	644	614	608	0.9440993788819876
Group03_51p0-59p5	R	120	244	CG.dc	118	0	0.0	1	1	507	254	255	253	0.9960629921259843
Group03_51p0-59p5	R	121	245	CG.vc	74	0	0.0	1	1	409	198	198	197	0.9949494949494949
Group03_51p0-59p5	R	122	246	CG.RSr	16	0	0.0	1	1	43	222	60	60	0.2702702702702703
Group03_51p0-59p5	R	123	247	CG.Rsi	91	0	0.0	1	1	178	446	277	277	0.6210762331838565
Group03_51p0-59p5	R	124	248	CG.RSc	80	4	0.05	1	1	180	307	137	126	0.41042345276872966
Group04_59p5-68p0	L	1	1	FP.d	90	0	0.0	1	1	1497	471	471	470	0.9978768577494692
Group04_59p5-68p0	L	2	2	FP.m	65	0	0.0	1	1	1272	348	348	348	1.0
Group04_59p5-68p0	L	3	3	FP.v	76	0	0.0	1	1	823	396	396	396	1.0
Group04_59p5-68p0	L	4	4	SFG.rm	92	0	0.0	1	1	975	389	388	388	0.9974293059125964
Group04_59p5-68p0	L	5	5	SFG.cm	83	0	0.0	1	1	832	312	312	312	1.0
Group04_59p5-68p0	L	6	6	SFG.r	82	0	0.0	1	1	514	388	388	388	1.0
Group04_59p5-68p0	L	7	7	SFG.ri	159	0	0.0	1	1	1929	752	754	749	0.9960106382978723
Group04_59p5-68p0	L	8	8	SFG.ci	131	0	0.0	1	1	1467	566	566	564	0.9964664310954063
Group04_59p5-68p0	L	9	9	SFG.c	79	0	0.0	1	1	489	337	336	336	0.9970326409495549
Group04_59p5-68p0	L	10	10	IFG.rd	177	0	0.0	1	1	1156	816	817	816	1.0
Group04_59p5-68p0	L	11	11	IFG.cd	132	0	0.0	1	1	920	673	673	671	0.9970282317979198
Group04_59p5-68p0	L	12	12	IFG.cv	161	0	0.0	1	1	917	606	607	606	1.0
Group04_59p5-68p0	L	13	13	IFG.iv	208	0	0.0	1	1	1054	758	758	756	0.9973614775725593
Group04_59p5-68p0	L	14	14	IFG.rv	204	0	0.0	1	1	1553	852	851	850	0.9976525821596244
Group04_59p5-68p0	L	15	15	OrG.rm	181	0	0.0	1	1	2005	797	798	797	1.0
Group04_59p5-68p0	L	16	16	OrG.cm	175	0	0.0	1	1	2048	749	783	749	1.0
Group04_59p5-68p0	L	17	17	OrG.ri	184	0	0.0	1	1	2392	840	841	839	0.9988095238095238
Group04_59p5-68p0	L	18	18	OrG.ci	245	0	0.0	1	1	2143	970	1017	968	0.9979381443298969
Group04_59p5-68p0	L	19	19	OrG.rl	139	0	0.0	1	1	2103	665	664	664	0.9984962406015038
Group04_59p5-68p0	L	20	20	OrG.cl	190	0	0.0	1	1	2068	794	794	793	0.9987405541561712
Group04_59p5-68p0	L	21	21	M1.v	41	0	0.0	1	1	509	148	148	148	1.0
Group04_59p5-68p0	L	22	22	M1.i	227	0	0.0	1	1	2345	814	816	811	0.9963144963144963
Group04_59p5-68p0	L	23	23	M1.d	364	0	0.0	1	1	3695	1197	1198	1195	0.9983291562238931
Group04_59p5-68p0	L	24	24	M1.m	224	0	0.0	1	1	1167	621	615	615	0.9903381642512077
Group04_59p5-68p0	L	25	25	PM.rd	201	0	0.0	1	1	2427	786	787	784	0.9974554707379135
Group04_59p5-68p0	L	26	26	PM.cd	227	0	0.0	1	1	2380	827	826	825	0.9975816203143894
Group04_59p5-68p0	L	27	27	PM.i	224	0	0.0	1	1	1896	815	813	812	0.996319018404908
Group04_59p5-68p0	L	28	28	PM.cv	137	0	0.0	1	1	2247	542	543	541	0.9981549815498155
Group04_59p5-68p0	L	29	29	PM.rv	143	0	0.0	1	1	1602	498	496	496	0.9959839357429718
Group04_59p5-68p0	L	30	30	PM.rm	116	0	0.0	1	1	1107	445	443	443	0.9955056179775281
Group04_59p5-68p0	L	31	31	PM.cm	226	0	0.0	1	1	1868	682	684	682	1.0
Group04_59p5-68p0	L	32	32	PoCG.dm	410	0	0.0	1	1	2532	1321	1321	1317	0.9969719909159728
Group04_59p5-68p0	L	33	33	PoCG.d	387	0	0.0	1	1	1829	1195	1197	1193	0.998326359832636
Group04_59p5-68p0	L	34	34	PoCG.i	472	0	0.0	1	1	2540	1465	1466	1463	0.9986348122866894
Group04_59p5-68p0	L	35	35	PoCG.v	361	0	0.0	1	1	2575	1242	1242	1242	1.0
Group04_59p5-68p0	L	36	36	FPOr	203	0	0.0	1	1	2020	765	769	765	1.0
Group04_59p5-68p0	L	37	37	FPOri	348	0	0.0	1	1	2006	1181	1186	1181	1.0
Group04_59p5-68p0	L	38	38	FPOci	485	0	0.0	1	1	1728	1374	1373	1370	0.9970887918486172
Group04_59p5-68p0	L	39	39	FPOc	271	0	0.0	1	1	636	753	753	749	0.9946879150066401
Group04_59p5-68p0	L	40	40	SPL.rv	459	0	0.0	1	1	1629	1387	1387	1379	0.9942321557317952
Group04_59p5-68p0	L	41	41	SPL.iv	422	0	0.0	1	1	1207	1034	1029	1028	0.9941972920696325
Group04_59p5-68p0	L	42	42	SPL.cv	257	0	0.0	1	1	1409	849	850	847	0.9976442873969376
Group04_59p5-68p0	L	43	43	SPL.rd	323	0	0.0	1	1	1358	857	855	852	0.9941656942823804
Group04_59p5-68p0	L	44	44	SPL.cd	322	0	0.0	1	1	1990	1035	1037	1030	0.9951690821256038
Group04_59p5-68p0	L	45	45	SPL.m	137	0	0.0	1	1	353	437	439	435	0.9954233409610984
Group04_59p5-68p0	L	46	46	IPL.sr	172	0	0.0	1	1	577	409	410	407	0.9951100244498777
Group04_59p5-68p0	L	47	47	IPL.sri	225	0	0.0	1	1	944	590	586	585	0.9915254237288136
Group04_59p5-68p0	L	48	48	IPL.sci	181	0	0.0	1	1	750	605	609	605	1.0
Group04_59p5-68p0	L	49	49	IPL.sc	182	0	0.0	1	1	709	441	442	441	1.0
Group04_59p5-68p0	L	50	50	IPL.gr	77	0	0.0	1	1	749	223	224	223	1.0
Group04_59p5-68p0	L	51	51	IPL.gri	71	0	0.0	1	1	751	205	205	205	1.0
Group04_59p5-68p0	L	52	52	IPL.gci	72	0	0.0	1	1	534	142	142	142	1.0
Group04_59p5-68p0	L	53	53	IPL.gc	60	0	0.0	1	1	795	206	206	205	0.9951456310679612
Group04_59p5-68p0	L	54	54	PrCu.vr	155	0	0.0	1	1	718	385	386	385	1.0
Group04_59p5-68p0	L	55	55	PrCu.dr	122	0	0.0	1	1	714	403	402	401	0.9950372208436724
Group04_59p5-68p0	L	56	56	PrCu.dc	141	0	0.0	1	1	909	411	411	411	1.0
Group04_59p5-68p0	L	57	57	PrCu.di	149	0	0.0	1	1	889	324	322	322	0.9938271604938271
Group04_59p5-68p0	L	58	58	PrCu.vi	150	0	0.0	1	1	909	302	303	302	1.0
Group04_59p5-68p0	L	59	59	PrCu.vc	125	0	0.0	1	1	641	454	453	453	0.9977973568281938
Group04_59p5-68p0	L	60	60	PrL.d	718	0	0.0	1	1	2640	2324	2317	2314	0.995697074010327
Group04_59p5-68p0	L	61	61	PrL.i	629	0	0.0	1	1	3235	2093	2092	2088	0.9976110845676063
Group04_59p5-68p0	L	62	62	PrL.STS	832	0	0.0	1	1	3367	2520	2522	2518	0.9992063492063492
Group04_59p5-68p0	L	63	63	PrL.v	317	0	0.0	1	1	1838	1156	1157	1151	0.995674740484429
Group04_59p5-68p0	L	64	64	SFL.r	348	0	0.0	1	1	1154	1031	1032	1030	0.9990300678952473
Group04_59p5-68p0	L	65	65	SFL.i	326	0	0.0	1	1	1884	1050	1052	1049	0.9990476190476191
Group04_59p5-68p0	L	66	66	STG.gc	308	0	0.0	1	1	1989	1092	1091	1089	0.9972527472527473
Group04_59p5-68p0	L	67	67	STG.gr	101	0	0.0	1	1	1645	414	413	412	0.9951690821256038
Group04_59p5-68p0	L	68	68	STG.gri	173	0	0.0	1	1	2042	641	641	640	0.9984399375975039
Group04_59p5-68p0	L	69	69	STG.gci	90	0	0.0	1	1	626	299	296	296	0.9899665551839465
Group04_59p5-68p0	L	70	70	STSU.rEx	35	0	0.0	1	1	362	119	119	118	0.9915966386554622
Group04_59p5-68p0	L	71	71	STSU.cEx	61	0	0.0	1	1	372	218	220	218	1.0
Group04_59p5-68p0	L	72	72	STSU.r	266	0	0.0	1	1	1143	826	829	824	0.9975786924939467
Group04_59p5-68p0	L	73	73	STSU.ri	348	0	0.0	1	1	1466	1066	1062	1060	0.9943714821763602
Group04_59p5-68p0	L	74	74	STSU.ci	269	0	0.0	1	1	1046	807	805	805	0.9975216852540273
Group04_59p5-68p0	L	75	75	STSU.c	254	0	0.0	1	1	1110	667	665	665	0.9970014992503748
Group04_59p5-68p0	L	76	76	STSL.r	302	0	0.0	1	1	1493	982	983	979	0.9969450101832994
Group04_59p5-68p0	L	77	77	STSL.cIn	297	0	0.0	1	1	1128	946	950	946	1.0
Group04_59p5-68p0	L	78	78	STSL.cEx	221	0	0.0	1	1	1213	722	723	722	1.0
Group04_59p5-68p0	L	79	79	ITG.gr	399	0	0.0	1	1	4146	1433	1432	1429	0.9972086531751571
Group04_59p5-68p0	L	80	80	ITG.gdc	422	0	0.0	1	1	4243	1612	1609	1604	0.9950372208436724
Group04_59p5-68p0	L	81	81	ITG.gvc	382	0	0.0	1	1	3318	1458	1455	1454	0.9972565157750343
Group04_59p5-68p0	L	82	82	PHG.r	120	0	0.0	1	1	2133	536	429	426	0.7947761194029851
Group04_59p5-68p0	L	83	83	PHG.mi	126	8	0.06349206349206349	2	2	1522	547	524	503	0.9195612431444241
Group04_59p5-68p0	L	84	84	PHG.li	93	0	0.0	1	1	915	415	414	414	0.9975903614457832
Group04_59p5-68p0	L	85	85	PHG.cm	84	10	0.11904761904761904	1	1	553	343	287	287	0.8367346938775511
Group04_59p5-68p0	L	86	86	PHG.cl	121	0	0.0	1	1	555	458	460	458	1.0
Group04_59p5-68p0	L	87	87	TP.vr	44	0	0.0	1	1	696	190	190	190	1.0
Group04_59p5-68p0	L	88	88	TP.mr	18	0	0.0	1	1	245	62	62	62	1.0
Group04_59p5-68p0	L	89	89	TP.lr	40	0	0.0	1	1	745	175	175	174	0.9942857142857143
Group04_59p5-68p0	L	90	90	TP.dr	39	0	0.0	1	1	465	102	102	102	1.0
Group04_59p5-68p0	L	91	91	TP.cEx	33	0	0.0	1	1	467	119	125	119	1.0
Group04_59p5-68p0	L	92	92	TP.cIn	41	0	0.0	1	1	78	46	61	46	1.0
Group04_59p5-68p0	L	93	93	V1.cm	368	0	0.0	1	1	2328	1656	1655	1655	0.9993961352657005
Group04_59p5-68p0	L	94	94	V1.dl	503	0	0.0	1	1	3443	2176	2178	2174	0.9990808823529411
Group04_59p5-68p0	L	95	95	V1.vl	613	0	0.0	1	1	5086	2964	2965	2959	0.9983130904183536
Group04_59p5-68p0	L	96	96	V1.mvi	503	0	0.0	1	1	3009	2531	2529	2524	0.99723429474516
Group04_59p5-68p0	L	97	97	V1.mdi	492	0	0.0	1	1	1559	1832	1834	1830	0.9989082969432315
Group04_59p5-68p0	L	98	98	V1.rm	195	6	0.03076923076923077	1	1	531	632	631	625	0.9889240506329114
Group04_59p5-68p0	L	99	99	V2.l	437	0	0.0	1	1	3044	1900	1900	1898	0.9989473684210526
Group04_59p5-68p0	L	100	100	V2.d	553	0	0.0	1	1	2438	2317	2320	2316	0.9995684074233924
Group04_59p5-68p0	L	101	101	V2.v	667	2	0.0029985007496251873	1	1	3755	2814	2811	2807	0.9975124378109452
Group04_59p5-68p0	L	102	102	V2.dm	459	0	0.0	1	1	2557	1877	1878	1874	0.9984017048481619
Group04_59p5-68p0	L	103	103	V2.vm	428	3	0.007009345794392523	1	1	2521	1917	1921	1910	0.9963484611371936
Group04_59p5-68p0	L	104	104	VMO.l	177	0	0.0	1	1	1351	690	690	687	0.9956521739130435
Group04_59p5-68p0	L	105	105	VMO.i	336	0	0.0	1	1	2285	1265	1268	1265	1.0
Group04_59p5-68p0	L	106	106	VMO.m	434	4	0.009216589861751152	1	1	2942	1723	1680	1674	0.971561230412072
Group04_59p5-68p0	L	107	107	INS.vr	160	0	0.0	1	1	598	267	273	266	0.9962546816479401
Group04_59p5-68p0	L	108	108	INS.dr	134	0	0.0	1	1	644	296	297	295	0.9966216216216216
Group04_59p5-68p0	L	109	109	INS.ri	116	0	0.0	1	1	564	338	336	334	0.9881656804733728
Group04_59p5-68p0	L	110	110	INS.v	123	0	0.0	1	1	520	246	245	245	0.9959349593495935
Group04_59p5-68p0	L	111	111	INS.ci	108	0	0.0	1	1	479	310	309	307	0.9903225806451613
Group04_59p5-68p0	L	112	112	INS.c	147	0	0.0	1	1	617	465	464	462	0.9935483870967742
Group04_59p5-68p0	L	113	113	CG.vr	91	0	0.0	1	1	566	287	319	273	0.9512195121951219
Group04_59p5-68p0	L	114	114	CG.ir	103	0	0.0	1	1	583	361	364	359	0.9944598337950139
Group04_59p5-68p0	L	115	115	CG.dr	102	0	0.0	1	1	208	363	363	362	0.9972451790633609
Group04_59p5-68p0	L	116	116	CG.idr	144	0	0.0	1	1	507	447	448	447	1.0
Group04_59p5-68p0	L	117	117	CG.idc	215	0	0.0	1	1	986	560	562	560	1.0
Group04_59p5-68p0	L	118	118	CG.ivr	142	0	0.0	1	1	1211	470	470	469	0.997872340425532
Group04_59p5-68p0	L	119	119	CG.ivc	221	0	0.0	1	1	962	503	494	491	0.9761431411530815
Group04_59p5-68p0	L	120	120	CG.dc	187	0	0.0	1	1	847	394	394	394	1.0
Group04_59p5-68p0	L	121	121	CG.vc	76	0	0.0	1	1	597	248	249	248	1.0
Group04_59p5-68p0	L	122	122	CG.RSr	63	0	0.0	1	1	153	396	241	241	0.6085858585858586
Group04_59p5-68p0	L	123	123	CG.Rsi	95	1	0.010526315789473684	1	1	191	319	229	214	0.670846394984326
Group04_59p5-68p0	L	124	124	CG.RSc	75	5	0.06666666666666667	1	1	243	337	163	157	0.4658753709198813
Group04_59p5-68p0	R	1	125	FP.d	98	0	0.0	1	1	1572	517	520	517	1.0
Group04_59p5-68p0	R	2	126	FP.m	58	0	0.0	1	1	979	305	304	304	0.9967213114754099
Group04_59p5-68p0	R	3	127	FP.v	81	0	0.0	1	1	1011	401	400	399	0.9950124688279302
Group04_59p5-68p0	R	4	128	SFG.rm	87	0	0.0	1	1	1062	399	399	398	0.9974937343358395
Group04_59p5-68p0	R	5	129	SFG.cm	95	0	0.0	1	1	961	387	389	387	1.0
Group04_59p5-68p0	R	6	130	SFG.r	64	0	0.0	1	1	514	295	294	294	0.9966101694915255
Group04_59p5-68p0	R	7	131	SFG.ri	173	0	0.0	1	1	2094	845	845	844	0.9988165680473373
Group04_59p5-68p0	R	8	132	SFG.ci	122	0	0.0	1	1	1539	545	541	541	0.9926605504587156
Group04_59p5-68p0	R	9	133	SFG.c	83	0	0.0	1	1	634	388	387	387	0.9974226804123711
Group04_59p5-68p0	R	10	134	IFG.rd	176	0	0.0	1	1	1185	808	808	807	0.9987623762376238
Group04_59p5-68p0	R	11	135	IFG.cd	128	0	0.0	1	1	700	648	648	647	0.9984567901234568
Group04_59p5-68p0	R	12	136	IFG.cv	169	0	0.0	1	1	876	625	626	624	0.9984
Group04_59p5-68p0	R	13	137	IFG.iv	208	0	0.0	1	1	1382	831	831	829	0.9975932611311673
Group04_59p5-68p0	R	14	138	IFG.rv	202	0	0.0	1	1	2037	902	904	901	0.9988913525498891
Group04_59p5-68p0	R	15	139	OrG.rm	170	0	0.0	1	1	1849	750	748	747	0.996
Group04_59p5-68p0	R	16	140	OrG.cm	151	4	0.026490066225165563	1	1	1961	681	704	680	0.9985315712187959
Group04_59p5-68p0	R	17	141	OrG.ri	130	0	0.0	1	1	1821	604	604	603	0.9983443708609272
Group04_59p5-68p0	R	18	142	OrG.ci	294	0	0.0	1	1	2307	1143	1197	1143	1.0
Group04_59p5-68p0	R	19	143	OrG.rl	164	0	0.0	1	1	2413	731	730	730	0.9986320109439124
Group04_59p5-68p0	R	20	144	OrG.cl	211	5	0.023696682464454975	1	1	2045	883	884	880	0.9966024915062288
Group04_59p5-68p0	R	21	145	M1.v	26	0	0.0	1	1	291	85	85	85	1.0
Group04_59p5-68p0	R	22	146	M1.i	270	0	0.0	1	1	2691	943	944	941	0.9978791092258749
Group04_59p5-68p0	R	23	147	M1.d	377	0	0.0	1	1	3847	1264	1262	1261	0.997626582278481
Group04_59p5-68p0	R	24	148	M1.m	198	3	0.015151515151515152	1	1	713	559	559	557	0.9964221824686941
Group04_59p5-68p0	R	25	149	PM.rd	194	0	0.0	1	1	2087	792	794	790	0.9974747474747475
Group04_59p5-68p0	R	26	150	PM.cd	232	0	0.0	1	1	2442	826	832	825	0.9987893462469734
Group04_59p5-68p0	R	27	151	PM.i	195	0	0.0	1	1	2223	753	752	752	0.99867197875166
Group04_59p5-68p0	R	28	152	PM.cv	161	0	0.0	1	1	2488	623	622	622	0.9983948635634029
Group04_59p5-68p0	R	29	153	PM.rv	109	0	0.0	1	1	1414	433	431	430	0.9930715935334873
Group04_59p5-68p0	R	30	154	PM.rm	148	0	0.0	1	1	1720	602	600	599	0.9950166112956811
Group04_59p5-68p0	R	31	155	PM.cm	233	0	0.0	1	1	1807	772	773	770	0.9974093264248705
Group04_59p5-68p0	R	32	156	PoCG.dm	449	0	0.0	1	1	2698	1415	1412	1412	0.9978798586572438
Group04_59p5-68p0	R	33	157	PoCG.d	377	0	0.0	1	1	1829	1160	1161	1155	0.9956896551724138
Group04_59p5-68p0	R	34	158	PoCG.i	425	0	0.0	1	1	2575	1352	1350	1348	0.9970414201183432
Group04_59p5-68p0	R	35	159	PoCG.v	367	0	0.0	1	1	2572	1259	1261	1258	0.9992057188244639
Group04_59p5-68p0	R	36	160	FPOr	235	0	0.0	1	1	2635	965	967	965	1.0
Group04_59p5-68p0	R	37	161	FPOri	377	0	0.0	1	1	2192	1246	1247	1244	0.9983948635634029
Group04_59p5-68p0	R	38	162	FPOci	435	0	0.0	1	1	1580	1315	1310	1310	0.9961977186311787
Group04_59p5-68p0	R	39	163	FPOc	258	0	0.0	1	1	788	721	721	720	0.9986130374479889
Group04_59p5-68p0	R	40	164	SPL.rv	495	0	0.0	1	1	1772	1476	1469	1467	0.9939024390243902
Group04_59p5-68p0	R	41	165	SPL.iv	391	0	0.0	1	1	1337	931	935	928	0.9967776584317938
Group04_59p5-68p0	R	42	166	SPL.cv	189	0	0.0	1	1	1020	600	598	594	0.99
Group04_59p5-68p0	R	43	167	SPL.rd	342	0	0.0	1	1	1559	1019	1023	1013	0.9941118743866536
Group04_59p5-68p0	R	44	168	SPL.cd	358	0	0.0	1	1	2221	1087	1088	1083	0.9963201471941122
Group04_59p5-68p0	R	45	169	SPL.m	140	0	0.0	1	1	289	393	393	392	0.9974554707379135
Group04_59p5-68p0	R	46	170	IPL.sr	164	0	0.0	1	1	447	388	390	388	1.0
Group04_59p5-68p0	R	47	171	IPL.sri	202	0	0.0	1	1	797	567	566	565	0.9964726631393298
Group04_59p5-68p0	R	48	172	IPL.sci	203	0	0.0	1	1	626	560	559	556	0.9928571428571429
Group04_59p5-68p0	R	49	173	IPL.sc	180	0	0.0	1	1	638	450	452	450	1.0
Group04_59p5-68p0	R	50	174	IPL.gr	86	0	0.0	1	1	876	237	237	237	1.0
Group04_59p5-68p0	R	51	175	IPL.gri	69	0	0.0	1	1	872	196	194	194	0.9897959183673469
Group04_59p5-68p0	R	52	176	IPL.gci	75	0	0.0	1	1	563	137	137	136	0.9927007299270073
Group04_59p5-68p0	R	53	177	IPL.gc	65	0	0.0	1	1	588	217	217	216	0.9953917050691244
Group04_59p5-68p0	R	54	178	PrCu.vr	179	0	0.0	1	1	922	464	465	464	1.0
Group04_59p5-68p0	R	55	179	PrCu.dr	125	0	0.0	1	1	861	409	409	408	0.9975550122249389
Group04_59p5-68p0	R	56	180	PrCu.dc	127	0	0.0	1	1	729	354	353	353	0.9971751412429378
Group04_59p5-68p0	R	57	181	PrCu.di	122	0	0.0	1	1	605	236	236	236	1.0
Group04_59p5-68p0	R	58	182	PrCu.vi	124	0	0.0	1	1	656	293	294	293	1.0
Group04_59p5-68p0	R	59	183	PrCu.vc	161	0	0.0	1	1	785	566	563	562	0.9929328621908127
Group04_59p5-68p0	R	60	184	PrL.d	761	0	0.0	1	1	2716	2357	2355	2350	0.9970301230377598
Group04_59p5-68p0	R	61	185	PrL.i	643	0	0.0	1	1	3403	2141	2139	2138	0.998598785614199
Group04_59p5-68p0	R	62	186	PrL.STS	789	0	0.0	1	1	3251	2354	2357	2351	0.9987255734919286
Group04_59p5-68p0	R	63	187	PrL.v	317	0	0.0	1	1	1654	1084	1083	1081	0.9972324723247232
Group04_59p5-68p0	R	64	188	SFL.r	370	6	0.016216216216216217	1	1	1531	1142	1145	1142	1.0
Group04_59p5-68p0	R	65	189	SFL.i	352	0	0.0	1	1	2170	1197	1197	1196	0.9991645781119465
Group04_59p5-68p0	R	66	190	STG.gc	298	0	0.0	1	1	1687	907	907	907	1.0
Group04_59p5-68p0	R	67	191	STG.gr	74	0	0.0	1	1	1285	302	303	301	0.9966887417218543
Group04_59p5-68p0	R	68	192	STG.gri	175	0	0.0	1	1	2260	666	666	664	0.996996996996997
Group04_59p5-68p0	R	69	193	STG.gci	85	0	0.0	1	1	610	282	283	281	0.9964539007092199
Group04_59p5-68p0	R	70	194	STSU.rEx	47	0	0.0	1	1	343	182	182	181	0.9945054945054945
Group04_59p5-68p0	R	71	195	STSU.cEx	57	0	0.0	1	1	297	201	204	200	0.9950248756218906
Group04_59p5-68p0	R	72	196	STSU.r	251	0	0.0	1	1	1063	828	825	825	0.9963768115942029
Group04_59p5-68p0	R	73	197	STSU.ri	341	0	0.0	1	1	1345	1044	1042	1039	0.9952107279693486
Group04_59p5-68p0	R	74	198	STSU.ci	298	0	0.0	1	1	1138	897	895	893	0.9955406911928651
Group04_59p5-68p0	R	75	199	STSU.c	238	0	0.0	1	1	976	565	567	564	0.9982300884955753
Group04_59p5-68p0	R	76	200	STSL.r	280	0	0.0	1	1	1156	974	974	974	1.0
Group04_59p5-68p0	R	77	201	STSL.cIn	289	0	0.0	1	1	1128	910	909	909	0.9989010989010989
Group04_59p5-68p0	R	78	202	STSL.cEx	212	0	0.0	1	1	1227	686	684	683	0.9956268221574344
Group04_59p5-68p0	R	79	203	ITG.gr	341	0	0.0	1	1	3081	1283	1283	1281	0.9984411535463756
Group04_59p5-68p0	R	80	204	ITG.gdc	452	0	0.0	1	1	4602	1689	1691	1689	1.0
Group04_59p5-68p0	R	81	205	ITG.gvc	460	0	0.0	1	1	4197	1753	1750	1750	0.9982886480319453
Group04_59p5-68p0	R	82	206	PHG.r	128	0	0.0	1	1	2385	502	468	466	0.9282868525896414
Group04_59p5-68p0	R	83	207	PHG.mi	125	2	0.016	2	2	1817	539	533	500	0.9276437847866419
Group04_59p5-68p0	R	84	208	PHG.li	79	0	0.0	1	1	899	285	284	284	0.9964912280701754
Group04_59p5-68p0	R	85	209	PHG.cm	83	2	0.024096385542168676	1	1	528	388	331	328	0.845360824742268
Group04_59p5-68p0	R	86	210	PHG.cl	107	0	0.0	1	1	630	400	400	400	1.0
Group04_59p5-68p0	R	87	211	TP.vr	49	0	0.0	1	1	940	263	263	263	1.0
Group04_59p5-68p0	R	88	212	TP.mr	19	0	0.0	1	1	299	57	58	57	1.0
Group04_59p5-68p0	R	89	213	TP.lr	39	0	0.0	1	1	761	180	180	179	0.9944444444444445
Group04_59p5-68p0	R	90	214	TP.dr	33	0	0.0	1	1	518	125	125	124	0.992
Group04_59p5-68p0	R	91	215	TP.cEx	34	0	0.0	1	1	375	107	115	107	1.0
Group04_59p5-68p0	R	92	216	TP.cIn	42	0	0.0	1	1	105	56	65	55	0.9821428571428571
Group04_59p5-68p0	R	93	217	V1.cm	376	0	0.0	1	1	2554	1808	1808	1803	0.9972345132743363
Group04_59p5-68p0	R	94	218	V1.dl	582	0	0.0	1	1	4311	2742	2743	2736	0.9978118161925602
Group04_59p5-68p0	R	95	219	V1.vl	518	0	0.0	1	1	4748	2661	2657	2651	0.9962420142803458
Group04_59p5-68p0	R	96	220	V1.mvi	461	0	0.0	1	1	3121	2424	2421	2419	0.9979372937293729
Group04_59p5-68p0	R	97	221	V1.mdi	565	0	0.0	1	1	1820	2107	2108	2107	1.0
Group04_59p5-68p0	R	98	222	V1.rm	166	1	0.006024096385542169	2	2	348	493	486	483	0.9797160243407708
Group04_59p5-68p0	R	99	223	V2.l	450	0	0.0	1	1	2818	1952	1954	1950	0.9989754098360656
Group04_59p5-68p0	R	100	224	V2.d	537	0	0.0	1	1	2541	2311	2308	2305	0.9974037213327563
Group04_59p5-68p0	R	101	225	V2.v	681	0	0.0	1	1	3558	3005	3005	2998	0.9976705490848585
Group04_59p5-68p0	R	102	226	V2.dm	474	0	0.0	1	1	2541	1888	1893	1884	0.9978813559322034
Group04_59p5-68p0	R	103	227	V2.vm	405	4	0.009876543209876543	1	1	2687	1776	1768	1765	0.9938063063063063
Group04_59p5-68p0	R	104	228	VMO.l	203	0	0.0	1	1	1744	778	784	778	1.0
Group04_59p5-68p0	R	105	229	VMO.i	441	0	0.0	1	1	2594	1748	1751	1748	1.0
Group04_59p5-68p0	R	106	230	VMO.m	288	7	0.024305555555555556	1	1	1692	1173	1105	1103	0.9403239556692242
Group04_59p5-68p0	R	107	231	INS.vr	147	8	0.05442176870748299	1	1	513	229	236	228	0.9956331877729258
Group04_59p5-68p0	R	108	232	INS.dr	147	0	0.0	1	1	726	338	335	333	0.985207100591716
Group04_59p5-68p0	R	109	233	INS.ri	110	0	0.0	1	1	597	356	354	353	0.9915730337078652
Group04_59p5-68p0	R	110	234	INS.v	131	0	0.0	1	1	589	312	312	310	0.9935897435897436
Group04_59p5-68p0	R	111	235	INS.ci	111	0	0.0	1	1	488	350	352	350	1.0
Group04_59p5-68p0	R	112	236	INS.c	148	0	0.0	1	1	559	491	492	491	1.0
Group04_59p5-68p0	R	113	237	CG.vr	84	0	0.0	1	1	495	330	380	324	0.9818181818181818
Group04_59p5-68p0	R	114	238	CG.ir	110	0	0.0	1	1	501	471	440	439	0.9320594479830149
Group04_59p5-68p0	R	115	239	CG.dr	102	0	0.0	1	1	313	396	395	394	0.9949494949494949
Group04_59p5-68p0	R	116	240	CG.idr	153	0	0.0	1	1	719	501	501	501	1.0
Group04_59p5-68p0	R	117	241	CG.idc	196	0	0.0	1	1	959	510	509	509	0.9980392156862745
Group04_59p5-68p0	R	118	242	CG.ivr	168	0	0.0	1	1	988	594	579	575	0.968013468013468
Group04_59p5-68p0	R	119	243	CG.ivc	265	20	0.07547169811320754	1	1	847	587	555	548	0.9335604770017035
Group04_59p5-68p0	R	120	244	CG.dc	123	14	0.11382113821138211	1	1	553	282	281	281	0.9964539007092199
Group04_59p5-68p0	R	121	245	CG.vc	73	0	0.0	1	1	501	225	224	224	0.9955555555555555
Group04_59p5-68p0	R	122	246	CG.RSr	23	2	0.08695652173913043	1	1	49	251	81	81	0.32270916334661354
Group04_59p5-68p0	R	123	247	CG.Rsi	91	10	0.10989010989010989	1	1	163	395	278	278	0.7037974683544304
Group04_59p5-68p0	R	124	248	CG.RSc	82	10	0.12195121951219512	1	1	151	328	138	135	0.4115853658536585
Group05_68p0-76p5	L	1	1	FP.d	90	0	0.0	1	1	1382	456	458	456	1.0
Group05_68p0-76p5	L	2	2	FP.m	65	0	0.0	1	1	1171	353	355	353	1.0
Group05_68p0-76p5	L	3	3	FP.v	76	0	0.0	1	1	730	378	376	376	0.9947089947089947
Group05_68p0-76p5	L	4	4	SFG.rm	92	0	0.0	1	1	864	360	357	357	0.9916666666666667
Group05_68p0-76p5	L	5	5	SFG.cm	83	0	0.0	1	1	795	331	331	331	1.0
Group05_68p0-76p5	L	6	6	SFG.r	82	0	0.0	1	1	585	391	391	391	1.0
Group05_68p0-76p5	L	7	7	SFG.ri	159	0	0.0	1	1	1853	763	762	761	0.9973787680209698
Group05_68p0-76p5	L	8	8	SFG.ci	132	0	0.0	1	1	1450	543	547	542	0.998158379373849
Group05_68p0-76p5	L	9	9	SFG.c	79	0	0.0	1	1	490	327	330	327	1.0
Group05_68p0-76p5	L	10	10	IFG.rd	177	0	0.0	1	1	1151	794	794	794	1.0
Group05_68p0-76p5	L	11	11	IFG.cd	132	0	0.0	1	1	982	663	663	662	0.9984917043740573
Group05_68p0-76p5	L	12	12	IFG.cv	161	0	0.0	1	1	943	577	575	575	0.9965337954939342
Group05_68p0-76p5	L	13	13	IFG.iv	208	0	0.0	1	1	1065	751	752	750	0.9986684420772304
Group05_68p0-76p5	L	14	14	IFG.rv	204	0	0.0	1	1	1441	844	842	839	0.9940758293838863
Group05_68p0-76p5	L	15	15	OrG.rm	180	0	0.0	1	1	1739	752	751	750	0.9973404255319149
Group05_68p0-76p5	L	16	16	OrG.cm	175	0	0.0	1	1	1867	754	781	753	0.9986737400530504
Group05_68p0-76p5	L	17	17	OrG.ri	184	1	0.005434782608695652	1	1	2299	838	839	838	1.0
Group05_68p0-76p5	L	18	18	OrG.ci	245	0	0.0	1	1	2065	943	999	941	0.9978791092258749
Group05_68p0-76p5	L	19	19	OrG.rl	139	1	0.007194244604316547	1	1	1905	650	650	648	0.9969230769230769
Group05_68p0-76p5	L	20	20	OrG.cl	191	0	0.0	1	1	1920	757	759	755	0.9973579920739762
Group05_68p0-76p5	L	21	21	M1.v	41	0	0.0	1	1	509	144	145	144	1.0
Group05_68p0-76p5	L	22	22	M1.i	227	0	0.0	1	1	2314	798	797	796	0.9974937343358395
Group05_68p0-76p5	L	23	23	M1.d	364	0	0.0	1	1	3774	1177	1175	1175	0.9983007646559049
Group05_68p0-76p5	L	24	24	M1.m	224	0	0.0	1	1	1086	603	601	599	0.9933665008291874
Group05_68p0-76p5	L	25	25	PM.rd	200	0	0.0	1	1	2314	774	772	772	0.9974160206718347
Group05_68p0-76p5	L	26	26	PM.cd	227	0	0.0	1	1	2361	804	805	803	0.9987562189054726
Group05_68p0-76p5	L	27	27	PM.i	224	0	0.0	1	1	1949	862	863	861	0.9988399071925754
Group05_68p0-76p5	L	28	28	PM.cv	137	0	0.0	1	1	2168	527	526	526	0.9981024667931688
Group05_68p0-76p5	L	29	29	PM.rv	143	0	0.0	1	1	1594	511	514	510	0.9980430528375733
Group05_68p0-76p5	L	30	30	PM.rm	116	0	0.0	1	1	1096	424	422	422	0.9952830188679245
Group05_68p0-76p5	L	31	31	PM.cm	227	0	0.0	1	1	1730	659	661	658	0.9984825493171472
Group05_68p0-76p5	L	32	32	PoCG.dm	410	0	0.0	1	1	2550	1297	1298	1294	0.9976869699306091
Group05_68p0-76p5	L	33	33	PoCG.d	386	0	0.0	1	1	1709	1179	1181	1174	0.9957591178965225
Group05_68p0-76p5	L	34	34	PoCG.i	470	0	0.0	1	1	2396	1460	1456	1455	0.9965753424657534
Group05_68p0-76p5	L	35	35	PoCG.v	361	0	0.0	1	1	2363	1173	1174	1171	0.9982949701619779
Group05_68p0-76p5	L	36	36	FPOr	203	0	0.0	1	1	1984	774	769	769	0.9935400516795866
Group05_68p0-76p5	L	37	37	FPOri	347	0	0.0	1	1	1887	1153	1155	1150	0.997398091934085
Group05_68p0-76p5	L	38	38	FPOci	486	0	0.0	1	1	1654	1336	1337	1334	0.9985029940119761
Group05_68p0-76p5	L	39	39	FPOc	270	0	0.0	1	1	692	780	779	775	0.9935897435897436
Group05_68p0-76p5	L	40	40	SPL.rv	458	0	0.0	1	1	1613	1357	1354	1349	0.9941046425939573
Group05_68p0-76p5	L	41	41	SPL.iv	426	0	0.0	1	1	1247	1085	1084	1082	0.9972350230414746
Group05_68p0-76p5	L	42	42	SPL.cv	255	0	0.0	1	1	1286	750	744	744	0.992
Group05_68p0-76p5	L	43	43	SPL.rd	324	0	0.0	1	1	1453	885	889	880	0.9943502824858758
Group05_68p0-76p5	L	44	44	SPL.cd	323	0	0.0	1	1	1922	1064	1070	1061	0.9971804511278195
Group05_68p0-76p5	L	45	45	SPL.m	136	0	0.0	1	1	345	425	426	423	0.9952941176470588
Group05_68p0-76p5	L	46	46	IPL.sr	170	0	0.0	1	1	471	396	393	392	0.98989898989899
Group05_68p0-76p5	L	47	47	IPL.sri	226	0	0.0	1	1	915	578	576	575	0.9948096885813149
Group05_68p0-76p5	L	48	48	IPL.sci	181	0	0.0	1	1	710	560	562	558	0.9964285714285714
Group05_68p0-76p5	L	49	49	IPL.sc	182	0	0.0	1	1	687	442	441	441	0.997737556561086
Group05_68p0-76p5	L	50	50	IPL.gr	79	0	0.0	1	1	691	202	202	202	1.0
Group05_68p0-76p5	L	51	51	IPL.gri	72	0	0.0	1	1	659	169	169	168	0.9940828402366864
Group05_68p0-76p5	L	52	52	IPL.gci	73	0	0.0	1	1	545	133	134	132	0.9924812030075187
Group05_68p0-76p5	L	53	53	IPL.gc	60	0	0.0	1	1	755	219	220	219	1.0
Group05_68p0-76p5	L	54	54	PrCu.vr	153	0	0.0	1	1	706	372	371	371	0.9973118279569892
Group05_68p0-76p5	L	55	55	PrCu.dr	123	0	0.0	1	1	660	420	421	419	0.9976190476190476
Group05_68p0-76p5	L	56	56	PrCu.dc	141	0	0.0	1	1	896	385	385	384	0.9974025974025974
Group05_68p0-76p5	L	57	57	PrCu.di	151	0	0.0	1	1	853	308	308	308	1.0
Group05_68p0-76p5	L	58	58	PrCu.vi	151	0	0.0	1	1	830	291	291	291	1.0
Group05_68p0-76p5	L	59	59	PrCu.vc	125	0	0.0	1	1	681	438	438	436	0.9954337899543378
Group05_68p0-76p5	L	60	60	PrL.d	714	0	0.0	1	1	2475	2264	2263	2258	0.9973498233215548
Group05_68p0-76p5	L	61	61	PrL.i	629	0	0.0	1	1	3157	2030	2027	2025	0.9975369458128078
Group05_68p0-76p5	L	62	62	PrL.STS	834	0	0.0	1	1	3168	2482	2486	2480	0.9991941982272361
Group05_68p0-76p5	L	63	63	PrL.v	317	0	0.0	1	1	1782	1124	1127	1119	0.9955516014234875
Group05_68p0-76p5	L	64	64	SFL.r	350	0	0.0	1	1	1096	993	992	990	0.9969788519637462
Group05_68p0-76p5	L	65	65	SFL.i	325	0	0.0	1	1	1867	1078	1081	1077	0.9990723562152134
Group05_68p0-76p5	L	66	66	STG.gc	309	0	0.0	1	1	1856	1025	1025	1023	0.9980487804878049
Group05_68p0-76p5	L	67	67	STG.gr	101	0	0.0	1	1	1608	406	405	405	0.9975369458128078
Group05_68p0-76p5	L	68	68	STG.gri	173	0	0.0	1	1	1972	625	626	625	1.0
Group05_68p0-76p5	L	69	69	STG.gci	90	0	0.0	1	1	584	297	296	296	0.9966329966329966
Group05_68p0-76p5	L	70	70	STSU.rEx	35	0	0.0	1	1	385	128	128	128	1.0
Group05_68p0-76p5	L	71	71	STSU.cEx	61	0	0.0	1	1	375	218	217	216	0.9908256880733946
Group05_68p0-76p5	L	72	72	STSU.r	263	0	0.0	1	1	1081	802	799	799	0.9962593516209476
Group05_68p0-76p5	L	73	73	STSU.ri	348	0	0.0	1	1	1470	1013	1015	1012	0.9990128331688055
Group05_68p0-76p5	L	74	74	STSU.ci	269	0	0.0	1	1	974	765	763	763	0.9973856209150327
Group05_68p0-76p5	L	75	75	STSU.c	254	0	0.0	1	1	1056	677	674	674	0.9955686853766618
Group05_68p0-76p5	L	76	76	STSL.r	303	0	0.0	1	1	1402	944	944	944	1.0
Group05_68p0-76p5	L	77	77	STSL.cIn	296	0	0.0	1	1	1034	912	912	911	0.9989035087719298
Group05_68p0-76p5	L	78	78	STSL.cEx	222	0	0.0	1	1	1154	696	694	694	0.9971264367816092
Group05_68p0-76p5	L	79	79	ITG.gr	400	0	0.0	1	1	3812	1481	1484	1480	0.9993247805536799
Group05_68p0-76p5	L	80	80	ITG.gdc	423	0	0.0	1	1	3913	1539	1538	1536	0.9980506822612085
Group05_68p0-76p5	L	81	81	ITG.gvc	382	0	0.0	1	1	3151	1430	1428	1427	0.9979020979020979
Group05_68p0-76p5	L	82	82	PHG.r	116	0	0.0	1	1	1936	498	398	397	0.7971887550200804
Group05_68p0-76p5	L	83	83	PHG.mi	123	4	0.032520325203252036	2	2	1444	542	531	512	0.9446494464944649
Group05_68p0-76p5	L	84	84	PHG.li	93	0	0.0	1	1	860	367	366	365	0.9945504087193461
Group05_68p0-76p5	L	85	85	PHG.cm	85	5	0.058823529411764705	1	1	585	380	320	320	0.8421052631578947
Group05_68p0-76p5	L	86	86	PHG.cl	121	0	0.0	1	1	549	439	440	439	1.0
Group05_68p0-76p5	L	87	87	TP.vr	44	0	0.0	1	1	634	175	175	174	0.9942857142857143
Group05_68p0-76p5	L	88	88	TP.mr	18	0	0.0	1	1	250	69	69	69	1.0
Group05_68p0-76p5	L	89	89	TP.lr	40	0	0.0	1	1	776	177	177	177	1.0
Group05_68p0-76p5	L	90	90	TP.dr	38	0	0.0	1	1	528	98	98	98	1.0
Group05_68p0-76p5	L	91	91	TP.cEx	33	0	0.0	1	1	482	127	136	125	0.984251968503937
Group05_68p0-76p5	L	92	92	TP.cIn	39	0	0.0	1	1	112	50	74	49	0.98
Group05_68p0-76p5	L	93	93	V1.cm	368	0	0.0	1	1	2294	1735	1732	1732	0.9982708933717579
Group05_68p0-76p5	L	94	94	V1.dl	502	0	0.0	1	1	3395	2254	2252	2247	0.9968944099378882
Group05_68p0-76p5	L	95	95	V1.vl	613	9	0.01468189233278956	1	1	4945	3075	3077	3069	0.9980487804878049
Group05_68p0-76p5	L	96	96	V1.mvi	503	0	0.0	1	1	2756	2418	2416	2415	0.9987593052109182
Group05_68p0-76p5	L	97	97	V1.mdi	491	0	0.0	1	1	1540	1828	1823	1822	0.9967177242888403
Group05_68p0-76p5	L	98	98	V1.rm	195	0	0.0	1	1	511	553	557	550	0.9945750452079566
Group05_68p0-76p5	L	99	99	V2.l	437	0	0.0	1	1	3010	1902	1904	1900	0.9989484752891693
Group05_68p0-76p5	L	100	100	V2.d	553	0	0.0	1	1	2530	2333	2336	2330	0.9987141020145736
Group05_68p0-76p5	L	101	101	V2.v	666	0	0.0	1	1	3543	3001	2999	2994	0.9976674441852715
Group05_68p0-76p5	L	102	102	V2.dm	460	4	0.008695652173913044	1	1	2380	1885	1890	1884	0.9994694960212201
Group05_68p0-76p5	L	103	103	V2.vm	429	0	0.0	1	1	2620	1938	1976	1938	1.0
Group05_68p0-76p5	L	104	104	VMO.l	178	0	0.0	1	1	1167	680	684	678	0.9970588235294118
Group05_68p0-76p5	L	105	105	VMO.i	336	0	0.0	1	1	2214	1305	1305	1304	0.9992337164750957
Group05_68p0-76p5	L	106	106	VMO.m	436	3	0.006880733944954129	1	1	2822	1705	1688	1680	0.9853372434017595
Group05_68p0-76p5	L	107	107	INS.vr	161	0	0.0	1	1	423	210	223	210	1.0
Group05_68p0-76p5	L	108	108	INS.dr	130	0	0.0	1	1	635	312	311	308	0.9871794871794872
Group05_68p0-76p5	L	109	109	INS.ri	117	0	0.0	1	1	565	316	314	313	0.990506329113924
Group05_68p0-76p5	L	110	110	INS.v	125	0	0.0	1	1	491	253	254	252	0.9960474308300395
Group05_68p0-76p5	L	111	111	INS.ci	109	0	0.0	1	1	458	293	294	293	1.0
Group05_68p0-76p5	L	112	112	INS.c	146	0	0.0	1	1	624	448	449	447	0.9977678571428571
Group05_68p0-76p5	L	113	113	CG.vr	94	0	0.0	1	1	748	291	334	291	1.0
Group05_68p0-76p5	L	114	114	CG.ir	104	0	0.0	1	1	655	360	359	359	0.9972222222222222
Group05_68p0-76p5	L	115	115	CG.dr	102	0	0.0	1	1	249	349	350	348	0.997134670487106
Group05_68p0-76p5	L	116	116	CG.idr	145	0	0.0	1	1	559	459	459	459	1.0
Group05_68p0-76p5	L	117	117	CG.idc	214	0	0.0	1	1	989	580	578	578	0.996551724137931
Group05_68p0-76p5	L	118	118	CG.ivr	137	0	0.0	1	1	1258	465	447	446	0.9591397849462365
Group05_68p0-76p5	L	119	119	CG.ivc	199	3	0.01507537688442211	1	1	821	519	441	440	0.8477842003853564
Group05_68p0-76p5	L	120	120	CG.dc	188	5	0.026595744680851064	1	1	782	404	408	403	0.9975247524752475
Group05_68p0-76p5	L	121	121	CG.vc	75	0	0.0	1	1	504	200	199	198	0.99
Group05_68p0-76p5	L	122	122	CG.RSr	48	0	0.0	1	1	108	336	150	148	0.44047619047619047
Group05_68p0-76p5	L	123	123	CG.Rsi	97	0	0.0	1	1	194	354	264	262	0.7401129943502824
Group05_68p0-76p5	L	124	124	CG.RSc	59	3	0.05084745762711865	1	1	218	434	180	180	0.4147465437788018
Group05_68p0-76p5	R	1	125	FP.d	98	0	0.0	1	1	1491	487	487	487	1.0
Group05_68p0-76p5	R	2	126	FP.m	58	0	0.0	1	1	997	305	306	305	1.0
Group05_68p0-76p5	R	3	127	FP.v	81	0	0.0	1	1	1057	397	396	395	0.9949622166246851
Group05_68p0-76p5	R	4	128	SFG.rm	87	0	0.0	1	1	1051	405	405	405	1.0
Group05_68p0-76p5	R	5	129	SFG.cm	95	0	0.0	1	1	977	394	394	394	1.0
Group05_68p0-76p5	R	6	130	SFG.r	64	0	0.0	1	1	425	292	291	291	0.9965753424657534
Group05_68p0-76p5	R	7	131	SFG.ri	173	0	0.0	1	1	2238	831	832	829	0.9975932611311673
Group05_68p0-76p5	R	8	132	SFG.ci	122	0	0.0	1	1	1552	526	526	523	0.9942965779467681
Group05_68p0-76p5	R	9	133	SFG.c	83	0	0.0	1	1	614	360	363	360	1.0
Group05_68p0-76p5	R	10	134	IFG.rd	176	0	0.0	1	1	1127	788	786	786	0.9974619289340102
Group05_68p0-76p5	R	11	135	IFG.cd	128	0	0.0	1	1	791	622	623	621	0.9983922829581994
Group05_68p0-76p5	R	12	136	IFG.cv	169	0	0.0	1	1	872	638	636	636	0.9968652037617555
Group05_68p0-76p5	R	13	137	IFG.iv	208	0	0.0	1	1	1387	816	818	815	0.9987745098039216
Group05_68p0-76p5	R	14	138	IFG.rv	202	0	0.0	1	1	1770	874	875	873	0.9988558352402745
Group05_68p0-76p5	R	15	139	OrG.rm	170	0	0.0	1	1	1728	747	748	746	0.998661311914324
Group05_68p0-76p5	R	16	140	OrG.cm	151	0	0.0	1	1	1868	669	689	669	1.0
Group05_68p0-76p5	R	17	141	OrG.ri	130	0	0.0	1	1	1954	595	596	594	0.9983193277310924
Group05_68p0-76p5	R	18	142	OrG.ci	293	0	0.0	1	1	2409	1114	1165	1108	0.9946140035906643
Group05_68p0-76p5	R	19	143	OrG.rl	165	0	0.0	1	1	2272	715	715	714	0.9986013986013986
Group05_68p0-76p5	R	20	144	OrG.cl	210	0	0.0	1	1	1969	848	849	845	0.9964622641509434
Group05_68p0-76p5	R	21	145	M1.v	26	0	0.0	1	1	294	89	89	89	1.0
Group05_68p0-76p5	R	22	146	M1.i	270	0	0.0	1	1	2688	922	921	920	0.9978308026030369
Group05_68p0-76p5	R	23	147	M1.d	377	0	0.0	1	1	3919	1236	1235	1233	0.9975728155339806
Group05_68p0-76p5	R	24	148	M1.m	197	0	0.0	1	1	731	590	585	584	0.9898305084745763
Group05_68p0-76p5	R	25	149	PM.rd	194	0	0.0	1	1	2102	749	748	746	0.9959946595460614
Group05_68p0-76p5	R	26	150	PM.cd	232	0	0.0	1	1	2540	831	833	830	0.9987966305655837
Group05_68p0-76p5	R	27	151	PM.i	195	0	0.0	1	1	2114	746	744	744	0.9973190348525469
Group05_68p0-76p5	R	28	152	PM.cv	161	0	0.0	1	1	2450	609	612	607	0.9967159277504105
Group05_68p0-76p5	R	29	153	PM.rv	109	0	0.0	1	1	1282	401	400	400	0.9975062344139651
Group05_68p0-76p5	R	30	154	PM.rm	148	0	0.0	1	1	1710	593	593	593	1.0
Group05_68p0-76p5	R	31	155	PM.cm	232	0	0.0	1	1	1884	757	762	757	1.0
Group05_68p0-76p5	R	32	156	PoCG.dm	450	0	0.0	1	1	2857	1459	1456	1454	0.9965729952021933
Group05_68p0-76p5	R	33	157	PoCG.d	377	0	0.0	1	1	1819	1159	1158	1156	0.997411561691113
Group05_68p0-76p5	R	34	158	PoCG.i	426	0	0.0	1	1	2535	1393	1393	1391	0.9985642498205313
Group05_68p0-76p5	R	35	159	PoCG.v	367	0	0.0	1	1	2419	1249	1245	1245	0.9967974379503602
Group05_68p0-76p5	R	36	160	FPOr	235	0	0.0	1	1	2617	972	973	971	0.9989711934156379
Group05_68p0-76p5	R	37	161	FPOri	377	0	0.0	1	1	2097	1220	1216	1215	0.9959016393442623
Group05_68p0-76p5	R	38	162	FPOci	434	0	0.0	1	1	1508	1304	1304	1300	0.9969325153374233
Group05_68p0-76p5	R	39	163	FPOc	260	0	0.0	1	1	804	730	732	730	1.0
Group05_68p0-76p5	R	40	164	SPL.rv	500	0	0.0	1	1	1670	1462	1469	1460	0.9986320109439124
Group05_68p0-76p5	R	41	165	SPL.iv	393	0	0.0	1	1	1208	920	915	913	0.9923913043478261
Group05_68p0-76p5	R	42	166	SPL.cv	193	0	0.0	1	1	940	601	603	600	0.9983361064891847
Group05_68p0-76p5	R	43	167	SPL.rd	337	0	0.0	1	1	1482	969	968	965	0.9958720330237358
Group05_68p0-76p5	R	44	168	SPL.cd	357	0	0.0	1	1	2237	1104	1104	1100	0.9963768115942029
Group05_68p0-76p5	R	45	169	SPL.m	141	0	0.0	1	1	281	393	395	391	0.9949109414758269
Group05_68p0-76p5	R	46	170	IPL.sr	164	0	0.0	1	1	469	391	393	391	1.0
Group05_68p0-76p5	R	47	171	IPL.sri	202	0	0.0	1	1	706	523	522	522	0.9980879541108987
Group05_68p0-76p5	R	48	172	IPL.sci	201	0	0.0	1	1	612	572	574	572	1.0
Group05_68p0-76p5	R	49	173	IPL.sc	177	0	0.0	1	1	662	422	421	421	0.9976303317535545
Group05_68p0-76p5	R	50	174	IPL.gr	87	0	0.0	1	1	801	216	216	215	0.9953703703703703
Group05_68p0-76p5	R	51	175	IPL.gri	70	0	0.0	1	1	655	145	144	144	0.993103448275862
Group05_68p0-76p5	R	52	176	IPL.gci	73	0	0.0	1	1	759	179	179	179	1.0
Group05_68p0-76p5	R	53	177	IPL.gc	66	0	0.0	1	1	604	202	202	202	1.0
Group05_68p0-76p5	R	54	178	PrCu.vr	178	0	0.0	1	1	923	454	453	453	0.9977973568281938
Group05_68p0-76p5	R	55	179	PrCu.dr	126	0	0.0	1	1	805	409	409	409	1.0
Group05_68p0-76p5	R	56	180	PrCu.dc	127	0	0.0	1	1	661	345	344	342	0.991304347826087
Group05_68p0-76p5	R	57	181	PrCu.di	122	0	0.0	1	1	531	247	248	246	0.9959514170040485
Group05_68p0-76p5	R	58	182	PrCu.vi	126	0	0.0	1	1	629	251	252	251	1.0
Group05_68p0-76p5	R	59	183	PrCu.vc	164	0	0.0	1	1	778	526	526	521	0.9904942965779467
Group05_68p0-76p5	R	60	184	PrL.d	758	0	0.0	1	1	2545	2349	2343	2338	0.9953171562366965
Group05_68p0-76p5	R	61	185	PrL.i	644	0	0.0	1	1	3285	2124	2123	2119	0.9976459510357816
Group05_68p0-76p5	R	62	186	PrL.STS	788	0	0.0	1	1	3128	2279	2279	2277	0.9991224221149627
Group05_68p0-76p5	R	63	187	PrL.v	317	2	0.006309148264984227	1	1	1677	1136	1132	1131	0.9955985915492958
Group05_68p0-76p5	R	64	188	SFL.r	371	0	0.0	1	1	1525	1159	1157	1156	0.997411561691113
Group05_68p0-76p5	R	65	189	SFL.i	352	0	0.0	1	1	2110	1180	1182	1180	1.0
Group05_68p0-76p5	R	66	190	STG.gc	298	0	0.0	1	1	1654	870	869	869	0.9988505747126437
Group05_68p0-76p5	R	67	191	STG.gr	75	0	0.0	1	1	1290	288	288	287	0.9965277777777778
Group05_68p0-76p5	R	68	192	STG.gri	174	0	0.0	1	1	2286	641	642	641	1.0
Group05_68p0-76p5	R	69	193	STG.gci	85	0	0.0	1	1	587	265	263	263	0.9924528301886792
Group05_68p0-76p5	R	70	194	STSU.rEx	47	0	0.0	1	1	316	167	167	167	1.0
Group05_68p0-76p5	R	71	195	STSU.cEx	57	0	0.0	1	1	317	197	198	197	1.0
Group05_68p0-76p5	R	72	196	STSU.r	251	0	0.0	1	1	1024	840	836	835	0.9940476190476191
Group05_68p0-76p5	R	73	197	STSU.ri	341	0	0.0	1	1	1374	1069	1071	1068	0.9990645463049579
Group05_68p0-76p5	R	74	198	STSU.ci	297	0	0.0	1	1	1120	848	849	847	0.9988207547169812
Group05_68p0-76p5	R	75	199	STSU.c	239	0	0.0	1	1	985	545	546	545	1.0
Group05_68p0-76p5	R	76	200	STSL.r	280	0	0.0	1	1	1125	938	937	936	0.997867803837953
Group05_68p0-76p5	R	77	201	STSL.cIn	291	0	0.0	1	1	1107	860	861	860	1.0
Group05_68p0-76p5	R	78	202	STSL.cEx	212	0	0.0	1	1	1173	695	693	692	0.99568345323741
Group05_68p0-76p5	R	79	203	ITG.gr	341	0	0.0	1	1	3110	1298	1302	1298	1.0
Group05_68p0-76p5	R	80	204	ITG.gdc	452	0	0.0	1	1	4486	1639	1640	1637	0.9987797437461867
Group05_68p0-76p5	R	81	205	ITG.gvc	460	0	0.0	1	1	3886	1695	1696	1693	0.9988200589970502
Group05_68p0-76p5	R	82	206	PHG.r	124	0	0.0	1	1	2197	487	429	426	0.8747433264887063
Group05_68p0-76p5	R	83	207	PHG.mi	125	5	0.04	2	2	1673	538	525	499	0.9275092936802974
Group05_68p0-76p5	R	84	208	PHG.li	79	0	0.0	1	1	917	311	312	311	1.0
Group05_68p0-76p5	R	85	209	PHG.cm	82	10	0.12195121951219512	1	1	527	375	297	296	0.7893333333333333
Group05_68p0-76p5	R	86	210	PHG.cl	107	0	0.0	1	1	645	383	382	382	0.9973890339425587
Group05_68p0-76p5	R	87	211	TP.vr	49	0	0.0	1	1	774	215	215	215	1.0
Group05_68p0-76p5	R	88	212	TP.mr	19	0	0.0	1	1	230	67	66	66	0.9850746268656716
Group05_68p0-76p5	R	89	213	TP.lr	39	0	0.0	1	1	706	177	177	177	1.0
Group05_68p0-76p5	R	90	214	TP.dr	33	0	0.0	1	1	398	120	121	120	1.0
Group05_68p0-76p5	R	91	215	TP.cEx	35	0	0.0	1	1	381	97	117	97	1.0
Group05_68p0-76p5	R	92	216	TP.cIn	39	0	0.0	1	1	72	55	58	53	0.9636363636363636
Group05_68p0-76p5	R	93	217	V1.cm	376	0	0.0	1	1	2422	1878	1877	1876	0.9989350372736954
Group05_68p0-76p5	R	94	218	V1.dl	582	0	0.0	1	1	4285	2757	2759	2750	0.9974610083424011
Group05_68p0-76p5	R	95	219	V1.vl	519	0	0.0	1	1	4527	2627	2621	2615	0.99543205177008
Group05_68p0-76p5	R	96	220	V1.mvi	461	1	0.0021691973969631237	1	1	3044	2466	2468	2465	0.9995944849959448
Group05_68p0-76p5	R	97	221	V1.mdi	566	0	0.0	1	1	1800	2107	2111	2106	0.9995253915519696
Group05_68p0-76p5	R	98	222	V1.rm	156	3	0.019230769230769232	2	2	347	491	475	472	0.9613034623217923
Group05_68p0-76p5	R	99	223	V2.l	450	5	0.011111111111111112	1	1	2938	2003	2006	2002	0.9995007488766849
Group05_68p0-76p5	R	100	224	V2.d	536	0	0.0	1	1	2637	2330	2331	2328	0.9991416309012876
Group05_68p0-76p5	R	101	225	V2.v	682	5	0.007331378299120235	1	1	3787	2979	2979	2973	0.9979859013091642
Group05_68p0-76p5	R	102	226	V2.dm	473	0	0.0	1	1	2481	1887	1888	1880	0.9962904080551139
Group05_68p0-76p5	R	103	227	V2.vm	406	7	0.017241379310344827	1	1	2684	1832	1825	1821	0.993995633187773
Group05_68p0-76p5	R	104	228	VMO.l	201	0	0.0	1	1	1507	811	815	810	0.998766954377312
Group05_68p0-76p5	R	105	229	VMO.i	441	4	0.009070294784580499	1	1	2436	1663	1663	1661	0.9987973541791942
Group05_68p0-76p5	R	106	230	VMO.m	291	0	0.0	1	1	1669	1058	1020	1013	0.9574669187145558
Group05_68p0-76p5	R	107	231	INS.vr	150	0	0.0	1	1	345	146	150	144	0.9863013698630136
Group05_68p0-76p5	R	108	232	INS.dr	146	0	0.0	1	1	678	342	341	340	0.9941520467836257
Group05_68p0-76p5	R	109	233	INS.ri	110	0	0.0	1	1	598	334	333	331	0.9910179640718563
Group05_68p0-76p5	R	110	234	INS.v	131	0	0.0	1	1	568	304	306	304	1.0
Group05_68p0-76p5	R	111	235	INS.ci	110	0	0.0	1	1	479	332	331	330	0.9939759036144579
Group05_68p0-76p5	R	112	236	INS.c	149	0	0.0	1	1	614	486	487	485	0.9979423868312757
Group05_68p0-76p5	R	113	237	CG.vr	83	0	0.0	1	1	466	306	349	292	0.954248366013072
Group05_68p0-76p5	R	114	238	CG.ir	113	0	0.0	1	1	576	451	413	412	0.9135254988913526
Group05_68p0-76p5	R	115	239	CG.dr	102	0	0.0	1	1	383	381	382	381	1.0
Group05_68p0-76p5	R	116	240	CG.idr	153	0	0.0	1	1	758	512	512	512	1.0
Group05_68p0-76p5	R	117	241	CG.idc	195	0	0.0	1	1	836	514	514	513	0.9980544747081712
Group05_68p0-76p5	R	118	242	CG.ivr	165	0	0.0	1	1	1047	597	555	553	0.9262981574539364
Group05_68p0-76p5	R	119	243	CG.ivc	261	19	0.07279693486590039	1	1	888	614	570	565	0.9201954397394136
Group05_68p0-76p5	R	120	244	CG.dc	118	12	0.1016949152542373	1	1	494	251	251	250	0.9960159362549801
Group05_68p0-76p5	R	121	245	CG.vc	72	0	0.0	1	1	470	199	195	195	0.9798994974874372
Group05_68p0-76p5	R	122	246	CG.RSr	21	3	0.14285714285714285	1	1	51	230	71	71	0.30869565217391304
Group05_68p0-76p5	R	123	247	CG.Rsi	58	11	0.1896551724137931	1	1	105	419	153	153	0.36515513126491644
Group05_68p0-76p5	R	124	248	CG.RSc	85	3	0.03529411764705882	1	1	188	318	148	146	0.4591194968553459
Group06_76p5-inf	L	1	1	FP.d	90	0	0.0	1	1	1602	481	482	481	1.0
Group06_76p5-inf	L	2	2	FP.m	65	0	0.0	1	1	1264	367	367	367	1.0
Group06_76p5-inf	L	3	3	FP.v	76	0	0.0	1	1	506	357	357	357	1.0
Group06_76p5-inf	L	4	4	SFG.rm	92	0	0.0	1	1	1036	378	378	378	1.0
Group06_76p5-inf	L	5	5	SFG.cm	83	0	0.0	1	1	967	315	316	315	1.0
Group06_76p5-inf	L	6	6	SFG.r	82	0	0.0	1	1	628	396	396	395	0.9974747474747475
Group06_76p5-inf	L	7	7	SFG.ri	159	0	0.0	1	1	1989	782	780	780	0.9974424552429667
Group06_76p5-inf	L	8	8	SFG.ci	131	0	0.0	1	1	1788	548	549	547	0.9981751824817519
Group06_76p5-inf	L	9	9	SFG.c	79	0	0.0	1	1	594	372	372	372	1.0
Group06_76p5-inf	L	10	10	IFG.rd	177	0	0.0	1	1	1150	858	859	858	1.0
Group06_76p5-inf	L	11	11	IFG.cd	132	0	0.0	1	1	935	665	665	665	1.0
Group06_76p5-inf	L	12	12	IFG.cv	161	0	0.0	1	1	1038	619	620	619	1.0
Group06_76p5-inf	L	13	13	IFG.iv	208	0	0.0	1	1	1132	778	776	775	0.9961439588688946
Group06_76p5-inf	L	14	14	IFG.rv	204	0	0.0	1	1	1636	920	925	919	0.9989130434782608
Group06_76p5-inf	L	15	15	OrG.rm	180	0	0.0	1	1	1820	794	791	791	0.9962216624685138
Group06_76p5-inf	L	16	16	OrG.cm	175	0	0.0	1	1	1735	739	763	738	0.9986468200270636
Group06_76p5-inf	L	17	17	OrG.ri	184	0	0.0	1	1	2560	889	888	888	0.9988751406074241
Group06_76p5-inf	L	18	18	OrG.ci	245	0	0.0	1	1	2492	1047	1102	1047	1.0
Group06_76p5-inf	L	19	19	OrG.rl	139	0	0.0	1	1	2290	694	693	692	0.9971181556195965
Group06_76p5-inf	L	20	20	OrG.cl	191	0	0.0	1	1	2118	866	867	865	0.9988452655889145
Group06_76p5-inf	L	21	21	M1.v	41	0	0.0	1	1	463	158	157	157	0.9936708860759493
Group06_76p5-inf	L	22	22	M1.i	227	0	0.0	1	1	2726	896	898	895	0.9988839285714286
Group06_76p5-inf	L	23	23	M1.d	364	0	0.0	1	1	3770	1262	1262	1262	1.0
Group06_76p5-inf	L	24	24	M1.m	225	0	0.0	1	1	1304	638	641	638	1.0
Group06_76p5-inf	L	25	25	PM.rd	201	0	0.0	1	1	2534	805	810	804	0.9987577639751553
Group06_76p5-inf	L	26	26	PM.cd	227	0	0.0	1	1	2652	832	828	827	0.9939903846153846
Group06_76p5-inf	L	27	27	PM.i	224	0	0.0	1	1	2106	854	853	852	0.9976580796252927
Group06_76p5-inf	L	28	28	PM.cv	137	0	0.0	1	1	2337	569	571	568	0.9982425307557118
Group06_76p5-inf	L	29	29	PM.rv	143	0	0.0	1	1	1615	523	523	520	0.994263862332696
Group06_76p5-inf	L	30	30	PM.rm	116	0	0.0	1	1	1208	405	404	403	0.9950617283950617
Group06_76p5-inf	L	31	31	PM.cm	226	0	0.0	1	1	1998	730	728	728	0.9972602739726028
Group06_76p5-inf	L	32	32	PoCG.dm	410	0	0.0	1	1	2695	1347	1346	1345	0.9985152190051967
Group06_76p5-inf	L	33	33	PoCG.d	387	0	0.0	1	1	1693	1287	1285	1284	0.9976689976689976
Group06_76p5-inf	L	34	34	PoCG.i	470	0	0.0	1	1	2378	1578	1579	1577	0.9993662864385298
Group06_76p5-inf	L	35	35	PoCG.v	361	0	0.0	1	1	2376	1220	1218	1217	0.9975409836065574
Group06_76p5-inf	L	36	36	FPOr	202	0	0.0	1	1	2239	814	810	810	0.995085995085995
Group06_76p5-inf	L	37	37	FPOri	348	0	0.0	1	1	2177	1214	1217	1212	0.9983525535420099
Group06_76p5-inf	L	38	38	FPOci	487	0	0.0	1	1	1776	1471	1472	1468	0.9979605710401088
Group06_76p5-inf	L	39	39	FPOc	272	0	0.0	1	1	716	793	790	789	0.9949558638083228
Group06_76p5-inf	L	40	40	SPL.rv	455	0	0.0	1	1	1576	1435	1436	1432	0.9979094076655052
Group06_76p5-inf	L	41	41	SPL.iv	426	0	0.0	1	1	1304	1185	1185	1182	0.9974683544303797
Group06_76p5-inf	L	42	42	SPL.cv	257	3	0.011673151750972763	1	1	1508	896	896	893	0.9966517857142857
Group06_76p5-inf	L	43	43	SPL.rd	326	0	0.0	1	1	1523	909	913	909	1.0
Group06_76p5-inf	L	44	44	SPL.cd	322	0	0.0	1	1	1972	1094	1090	1090	0.9963436928702011
Group06_76p5-inf	L	45	45	SPL.m	136	0	0.0	1	1	362	422	421	420	0.995260663507109
Group06_76p5-inf	L	46	46	IPL.sr	171	0	0.0	1	1	494	404	403	402	0.995049504950495
Group06_76p5-inf	L	47	47	IPL.sri	224	0	0.0	1	1	892	625	624	623	0.9968
Group06_76p5-inf	L	48	48	IPL.sci	181	0	0.0	1	1	791	596	596	595	0.9983221476510067
Group06_76p5-inf	L	49	49	IPL.sc	184	0	0.0	1	1	787	520	519	519	0.9980769230769231
Group06_76p5-inf	L	50	50	IPL.gr	80	0	0.0	1	1	754	203	204	202	0.9950738916256158
Group06_76p5-inf	L	51	51	IPL.gri	72	0	0.0	1	1	776	197	197	197	1.0
Group06_76p5-inf	L	52	52	IPL.gci	72	0	0.0	1	1	820	204	204	204	1.0
Group06_76p5-inf	L	53	53	IPL.gc	60	0	0.0	1	1	736	216	216	215	0.9953703703703703
Group06_76p5-inf	L	54	54	PrCu.vr	155	0	0.0	1	1	743	375	376	375	1.0
Group06_76p5-inf	L	55	55	PrCu.dr	122	0	0.0	1	1	577	399	399	399	1.0
Group06_76p5-inf	L	56	56	PrCu.dc	140	0	0.0	1	1	903	435	435	434	0.9977011494252873
Group06_76p5-inf	L	57	57	PrCu.di	151	0	0.0	1	1	833	326	325	325	0.9969325153374233
Group06_76p5-inf	L	58	58	PrCu.vi	150	0	0.0	1	1	866	314	313	313	0.9968152866242038
Group06_76p5-inf	L	59	59	PrCu.vc	124	0	0.0	1	1	640	444	444	442	0.9954954954954955
Group06_76p5-inf	L	60	60	PrL.d	714	0	0.0	1	1	2794	2432	2431	2425	0.9971217105263158
Group06_76p5-inf	L	61	61	PrL.i	629	0	0.0	1	1	3871	2253	2254	2250	0.9986684420772304
Group06_76p5-inf	L	62	62	PrL.STS	832	0	0.0	1	1	3438	2760	2762	2757	0.9989130434782608
Group06_76p5-inf	L	63	63	PrL.v	317	0	0.0	1	1	1964	1282	1283	1279	0.9976599063962559
Group06_76p5-inf	L	64	64	SFL.r	348	0	0.0	1	1	1145	1030	1031	1029	0.9990291262135922
Group06_76p5-inf	L	65	65	SFL.i	325	0	0.0	1	1	2090	1069	1072	1069	1.0
Group06_76p5-inf	L	66	66	STG.gc	308	0	0.0	1	1	2190	1107	1107	1105	0.998193315266486
Group06_76p5-inf	L	67	67	STG.gr	101	0	0.0	1	1	1750	440	439	439	0.9977272727272727
Group06_76p5-inf	L	68	68	STG.gri	173	0	0.0	1	1	2074	634	633	633	0.998422712933754
Group06_76p5-inf	L	69	69	STG.gci	90	0	0.0	1	1	593	301	302	301	1.0
Group06_76p5-inf	L	70	70	STSU.rEx	35	0	0.0	1	1	516	137	136	136	0.9927007299270073
Group06_76p5-inf	L	71	71	STSU.cEx	61	0	0.0	1	1	490	213	213	212	0.9953051643192489
Group06_76p5-inf	L	72	72	STSU.r	265	0	0.0	1	1	1372	881	883	880	0.9988649262202043
Group06_76p5-inf	L	73	73	STSU.ri	347	0	0.0	1	1	1661	997	996	995	0.9979939819458375
Group06_76p5-inf	L	74	74	STSU.ci	269	0	0.0	1	1	1052	851	849	849	0.9976498237367802
Group06_76p5-inf	L	75	75	STSU.c	254	0	0.0	1	1	977	650	650	649	0.9984615384615385
Group06_76p5-inf	L	76	76	STSL.r	302	0	0.0	1	1	1341	909	911	909	1.0
Group06_76p5-inf	L	77	77	STSL.cIn	298	0	0.0	1	1	1038	932	930	927	0.9946351931330472
Group06_76p5-inf	L	78	78	STSL.cEx	222	0	0.0	1	1	1370	751	754	749	0.9973368841544608
Group06_76p5-inf	L	79	79	ITG.gr	398	0	0.0	1	1	4013	1458	1457	1456	0.9986282578875172
Group06_76p5-inf	L	80	80	ITG.gdc	423	0	0.0	1	1	4195	1700	1698	1697	0.9982352941176471
Group06_76p5-inf	L	81	81	ITG.gvc	382	0	0.0	1	1	3079	1540	1542	1536	0.9974025974025974
Group06_76p5-inf	L	82	82	PHG.r	114	0	0.0	1	1	1994	526	433	432	0.8212927756653993
Group06_76p5-inf	L	83	83	PHG.mi	120	9	0.075	2	2	1598	563	533	516	0.91651865008881
Group06_76p5-inf	L	84	84	PHG.li	93	0	0.0	1	1	994	379	379	379	1.0
Group06_76p5-inf	L	85	85	PHG.cm	89	0	0.0	1	1	738	412	375	374	0.9077669902912622
Group06_76p5-inf	L	86	86	PHG.cl	121	0	0.0	1	1	794	509	513	508	0.9980353634577603
Group06_76p5-inf	L	87	87	TP.vr	44	0	0.0	1	1	623	152	152	152	1.0
Group06_76p5-inf	L	88	88	TP.mr	18	0	0.0	1	1	262	61	62	61	1.0
Group06_76p5-inf	L	89	89	TP.lr	40	0	0.0	1	1	746	183	184	183	1.0
Group06_76p5-inf	L	90	90	TP.dr	38	0	0.0	1	1	347	118	117	117	0.9915254237288136
Group06_76p5-inf	L	91	91	TP.cEx	33	0	0.0	1	1	378	95	102	95	1.0
Group06_76p5-inf	L	92	92	TP.cIn	42	0	0.0	1	1	78	45	57	45	1.0
Group06_76p5-inf	L	93	93	V1.cm	368	0	0.0	1	1	2370	1820	1817	1815	0.9972527472527473
Group06_76p5-inf	L	94	94	V1.dl	502	0	0.0	1	1	3729	2356	2357	2353	0.9987266553480475
Group06_76p5-inf	L	95	95	V1.vl	613	1	0.0016313213703099511	1	1	4757	3093	3087	3084	0.997090203685742
Group06_76p5-inf	L	96	96	V1.mvi	503	0	0.0	1	1	2551	2517	2513	2511	0.9976162097735399
Group06_76p5-inf	L	97	97	V1.mdi	492	0	0.0	1	1	1564	2026	2029	2025	0.9995064165844028
Group06_76p5-inf	L	98	98	V1.rm	192	0	0.0	1	1	596	628	633	626	0.9968152866242038
Group06_76p5-inf	L	99	99	V2.l	437	0	0.0	1	1	2842	1964	1963	1960	0.9979633401221996
Group06_76p5-inf	L	100	100	V2.d	553	0	0.0	1	1	2857	2327	2327	2325	0.9991405242801891
Group06_76p5-inf	L	101	101	V2.v	667	6	0.008995502248875561	1	1	3508	3011	3014	3007	0.9986715376951179
Group06_76p5-inf	L	102	102	V2.dm	460	2	0.004347826086956522	1	1	2196	1822	1826	1819	0.9983534577387486
Group06_76p5-inf	L	103	103	V2.vm	430	0	0.0	1	1	2584	1945	1991	1944	0.9994858611825193
Group06_76p5-inf	L	104	104	VMO.l	177	0	0.0	1	1	944	742	741	739	0.9959568733153639
Group06_76p5-inf	L	105	105	VMO.i	336	0	0.0	1	1	2182	1430	1425	1425	0.9965034965034965
Group06_76p5-inf	L	106	106	VMO.m	433	1	0.0023094688221709007	1	1	3116	1943	1905	1887	0.9711785898095728
Group06_76p5-inf	L	107	107	INS.vr	160	0	0.0	1	1	500	248	254	246	0.9919354838709677
Group06_76p5-inf	L	108	108	INS.dr	133	0	0.0	1	1	732	332	332	331	0.9969879518072289
Group06_76p5-inf	L	109	109	INS.ri	117	0	0.0	1	1	597	307	305	305	0.993485342019544
Group06_76p5-inf	L	110	110	INS.v	122	0	0.0	1	1	455	257	257	256	0.9961089494163424
Group06_76p5-inf	L	111	111	INS.ci	108	0	0.0	1	1	621	345	342	341	0.9884057971014493
Group06_76p5-inf	L	112	112	INS.c	146	0	0.0	1	1	646	458	458	456	0.9956331877729258
Group06_76p5-inf	L	113	113	CG.vr	94	0	0.0	1	1	683	341	380	336	0.9853372434017595
Group06_76p5-inf	L	114	114	CG.ir	104	0	0.0	1	1	836	359	362	358	0.9972144846796658
Group06_76p5-inf	L	115	115	CG.dr	102	0	0.0	1	1	211	368	364	363	0.9864130434782609
Group06_76p5-inf	L	116	116	CG.idr	144	0	0.0	1	1	569	505	506	505	1.0
Group06_76p5-inf	L	117	117	CG.idc	215	0	0.0	1	1	934	588	589	587	0.9982993197278912
Group06_76p5-inf	L	118	118	CG.ivr	142	0	0.0	1	1	1314	476	477	476	1.0
Group06_76p5-inf	L	119	119	CG.ivc	221	0	0.0	1	1	1054	593	570	558	0.9409780775716695
Group06_76p5-inf	L	120	120	CG.dc	188	0	0.0	1	1	783	440	438	437	0.9931818181818182
Group06_76p5-inf	L	121	121	CG.vc	75	0	0.0	1	1	554	214	214	214	1.0
Group06_76p5-inf	L	122	122	CG.RSr	47	0	0.0	1	1	123	423	207	207	0.48936170212765956
Group06_76p5-inf	L	123	123	CG.Rsi	77	0	0.0	1	1	147	392	247	247	0.6301020408163265
Group06_76p5-inf	L	124	124	CG.RSc	94	18	0.19148936170212766	1	1	265	383	249	234	0.6109660574412533
Group06_76p5-inf	R	1	125	FP.d	98	0	0.0	1	1	2027	589	590	587	0.9966044142614601
Group06_76p5-inf	R	2	126	FP.m	58	0	0.0	1	1	1200	348	347	347	0.9971264367816092
Group06_76p5-inf	R	3	127	FP.v	81	0	0.0	1	1	1111	484	485	484	1.0
Group06_76p5-inf	R	4	128	SFG.rm	87	0	0.0	1	1	1230	440	441	440	1.0
Group06_76p5-inf	R	5	129	SFG.cm	94	0	0.0	1	1	1149	442	440	439	0.9932126696832579
Group06_76p5-inf	R	6	130	SFG.r	64	0	0.0	1	1	653	335	336	335	1.0
Group06_76p5-inf	R	7	131	SFG.ri	173	0	0.0	1	1	2516	916	917	912	0.9956331877729258
Group06_76p5-inf	R	8	132	SFG.ci	122	0	0.0	1	1	1923	560	558	557	0.9946428571428572
Group06_76p5-inf	R	9	133	SFG.c	83	0	0.0	1	1	846	434	433	432	0.9953917050691244
Group06_76p5-inf	R	10	134	IFG.rd	176	0	0.0	1	1	1360	935	933	933	0.9978609625668449
Group06_76p5-inf	R	11	135	IFG.cd	128	0	0.0	1	1	972	727	724	724	0.9958734525447043
Group06_76p5-inf	R	12	136	IFG.cv	169	0	0.0	1	1	985	691	691	690	0.9985528219971056
Group06_76p5-inf	R	13	137	IFG.iv	208	0	0.0	1	1	1410	890	892	889	0.998876404494382
Group06_76p5-inf	R	14	138	IFG.rv	202	0	0.0	1	1	1947	968	964	961	0.9927685950413223
Group06_76p5-inf	R	15	139	OrG.rm	171	0	0.0	1	1	1858	803	804	803	1.0
Group06_76p5-inf	R	16	140	OrG.cm	150	0	0.0	1	1	1531	626	644	621	0.9920127795527156
Group06_76p5-inf	R	17	141	OrG.ri	130	0	0.0	1	1	2176	691	693	691	1.0
Group06_76p5-inf	R	18	142	OrG.ci	290	0	0.0	1	1	2237	1085	1106	1066	0.9824884792626728
Group06_76p5-inf	R	19	143	OrG.rl	164	0	0.0	1	1	2443	810	809	806	0.9950617283950617
Group06_76p5-inf	R	20	144	OrG.cl	211	0	0.0	1	1	1664	746	746	742	0.9946380697050938
Group06_76p5-inf	R	21	145	M1.v	26	0	0.0	1	1	238	86	84	84	0.9767441860465116
Group06_76p5-inf	R	22	146	M1.i	270	0	0.0	1	1	3096	1003	1000	999	0.996011964107677
Group06_76p5-inf	R	23	147	M1.d	377	0	0.0	1	1	4052	1291	1289	1288	0.9976762199845082
Group06_76p5-inf	R	24	148	M1.m	198	0	0.0	1	1	760	565	565	563	0.9964601769911504
Group06_76p5-inf	R	25	149	PM.rd	194	0	0.0	1	1	2280	754	756	753	0.9986737400530504
Group06_76p5-inf	R	26	150	PM.cd	232	0	0.0	1	1	2702	849	851	848	0.9988221436984688
Group06_76p5-inf	R	27	151	PM.i	195	0	0.0	1	1	2484	768	769	768	1.0
Group06_76p5-inf	R	28	152	PM.cv	161	0	0.0	1	1	2496	605	604	602	0.9950413223140496
Group06_76p5-inf	R	29	153	PM.rv	109	0	0.0	1	1	1461	415	416	414	0.9975903614457832
Group06_76p5-inf	R	30	154	PM.rm	149	0	0.0	1	1	1720	589	591	588	0.99830220713073
Group06_76p5-inf	R	31	155	PM.cm	232	0	0.0	1	1	1749	723	722	721	0.9972337482710927
Group06_76p5-inf	R	32	156	PoCG.dm	450	0	0.0	1	1	2847	1525	1522	1520	0.9967213114754099
Group06_76p5-inf	R	33	157	PoCG.d	376	0	0.0	1	1	1771	1320	1321	1315	0.9962121212121212
Group06_76p5-inf	R	34	158	PoCG.i	426	0	0.0	1	1	2475	1460	1458	1457	0.9979452054794521
Group06_76p5-inf	R	35	159	PoCG.v	367	0	0.0	1	1	2210	1231	1236	1231	1.0
Group06_76p5-inf	R	36	160	FPOr	235	0	0.0	1	1	2499	883	885	882	0.9988674971687429
Group06_76p5-inf	R	37	161	FPOri	377	0	0.0	1	1	2212	1240	1243	1239	0.9991935483870967
Group06_76p5-inf	R	38	162	FPOci	434	0	0.0	1	1	1549	1355	1353	1351	0.9970479704797048
Group06_76p5-inf	R	39	163	FPOc	260	0	0.0	1	1	1036	759	759	758	0.9986824769433466
Group06_76p5-inf	R	40	164	SPL.rv	500	0	0.0	1	1	1766	1615	1614	1605	0.9938080495356038
Group06_76p5-inf	R	41	165	SPL.iv	390	0	0.0	1	1	1386	1078	1075	1071	0.9935064935064936
Group06_76p5-inf	R	42	166	SPL.cv	189	0	0.0	1	1	873	625	625	621	0.9936
Group06_76p5-inf	R	43	167	SPL.rd	338	0	0.0	1	1	1527	1043	1046	1040	0.99712368168744
Group06_76p5-inf	R	44	168	SPL.cd	358	0	0.0	1	1	2179	1209	1210	1204	0.9958643507030603
Group06_76p5-inf	R	45	169	SPL.m	140	0	0.0	1	1	326	419	421	418	0.9976133651551312
Group06_76p5-inf	R	46	170	IPL.sr	162	0	0.0	1	1	427	418	418	417	0.9976076555023924
Group06_76p5-inf	R	47	171	IPL.sri	203	0	0.0	1	1	686	566	565	565	0.9982332155477032
Group06_76p5-inf	R	48	172	IPL.sci	199	0	0.0	1	1	680	618	618	614	0.9935275080906149
Group06_76p5-inf	R	49	173	IPL.sc	181	0	0.0	1	1	639	485	488	483	0.9958762886597938
Group06_76p5-inf	R	50	174	IPL.gr	87	0	0.0	1	1	892	237	238	236	0.9957805907172996
Group06_76p5-inf	R	51	175	IPL.gri	71	0	0.0	1	1	751	194	192	192	0.9896907216494846
Group06_76p5-inf	R	52	176	IPL.gci	73	0	0.0	1	1	605	161	163	161	1.0
Group06_76p5-inf	R	53	177	IPL.gc	67	0	0.0	1	1	698	223	223	222	0.9955156950672646
Group06_76p5-inf	R	54	178	PrCu.vr	179	0	0.0	1	1	924	482	482	482	1.0
Group06_76p5-inf	R	55	179	PrCu.dr	126	0	0.0	1	1	807	434	433	432	0.9953917050691244
Group06_76p5-inf	R	56	180	PrCu.dc	129	0	0.0	1	1	737	377	379	377	1.0
Group06_76p5-inf	R	57	181	PrCu.di	122	0	0.0	1	1	631	261	260	260	0.9961685823754789
Group06_76p5-inf	R	58	182	PrCu.vi	126	0	0.0	1	1	698	301	301	301	1.0
Group06_76p5-inf	R	59	183	PrCu.vc	161	0	0.0	1	1	859	552	549	548	0.9927536231884058
Group06_76p5-inf	R	60	184	PrL.d	759	0	0.0	1	1	2729	2418	2414	2411	0.9971050454921423
Group06_76p5-inf	R	61	185	PrL.i	641	0	0.0	1	1	3651	2182	2183	2177	0.9977085242896425
Group06_76p5-inf	R	62	186	PrL.STS	790	0	0.0	1	1	3112	2380	2376	2375	0.9978991596638656
Group06_76p5-inf	R	63	187	PrL.v	317	7	0.022082018927444796	1	1	1926	1221	1224	1220	0.9991809991809992
Group06_76p5-inf	R	64	188	SFL.r	370	0	0.0	1	1	1348	1205	1207	1203	0.9983402489626556
Group06_76p5-inf	R	65	189	SFL.i	352	0	0.0	1	1	2376	1257	1252	1252	0.9960222752585521
Group06_76p5-inf	R	66	190	STG.gc	299	0	0.0	1	1	1862	914	916	914	1.0
Group06_76p5-inf	R	67	191	STG.gr	75	0	0.0	1	1	1347	303	305	302	0.9966996699669967
Group06_76p5-inf	R	68	192	STG.gri	174	0	0.0	1	1	2614	691	694	691	1.0
Group06_76p5-inf	R	69	193	STG.gci	85	0	0.0	1	1	694	298	301	298	1.0
Group06_76p5-inf	R	70	194	STSU.rEx	47	0	0.0	1	1	516	189	189	189	1.0
Group06_76p5-inf	R	71	195	STSU.cEx	57	0	0.0	1	1	353	207	206	206	0.9951690821256038
Group06_76p5-inf	R	72	196	STSU.r	252	0	0.0	1	1	1418	906	906	904	0.9977924944812362
Group06_76p5-inf	R	73	197	STSU.ri	341	0	0.0	1	1	1475	1116	1117	1116	1.0
Group06_76p5-inf	R	74	198	STSU.ci	297	0	0.0	1	1	1134	901	899	899	0.9977802441731409
Group06_76p5-inf	R	75	199	STSU.c	237	0	0.0	1	1	1106	591	590	590	0.9983079526226735
Group06_76p5-inf	R	76	200	STSL.r	280	0	0.0	1	1	1154	953	952	950	0.9968520461699895
Group06_76p5-inf	R	77	201	STSL.cIn	290	0	0.0	1	1	1111	886	885	885	0.9988713318284425
Group06_76p5-inf	R	78	202	STSL.cEx	212	0	0.0	1	1	1324	727	725	724	0.9958734525447043
Group06_76p5-inf	R	79	203	ITG.gr	341	0	0.0	1	1	3035	1327	1326	1325	0.9984928409947249
Group06_76p5-inf	R	80	204	ITG.gdc	451	0	0.0	1	1	4640	1792	1792	1788	0.9977678571428571
Group06_76p5-inf	R	81	205	ITG.gvc	460	0	0.0	1	1	3734	1771	1774	1769	0.9988706945228685
Group06_76p5-inf	R	82	206	PHG.r	128	0	0.0	1	1	2318	461	434	433	0.9392624728850325
Group06_76p5-inf	R	83	207	PHG.mi	123	5	0.04065040650406504	2	2	1894	597	557	542	0.9078726968174204
Group06_76p5-inf	R	84	208	PHG.li	79	0	0.0	1	1	1022	316	316	316	1.0
Group06_76p5-inf	R	85	209	PHG.cm	79	12	0.1518987341772152	1	1	493	332	264	263	0.7921686746987951
Group06_76p5-inf	R	86	210	PHG.cl	107	0	0.0	1	1	798	426	426	425	0.9976525821596244
Group06_76p5-inf	R	87	211	TP.vr	49	0	0.0	1	1	880	204	204	204	1.0
Group06_76p5-inf	R	88	212	TP.mr	19	0	0.0	1	1	236	63	63	63	1.0
Group06_76p5-inf	R	89	213	TP.lr	39	0	0.0	1	1	593	168	167	167	0.9940476190476191
Group06_76p5-inf	R	90	214	TP.dr	33	0	0.0	1	1	308	95	95	95	1.0
Group06_76p5-inf	R	91	215	TP.cEx	34	0	0.0	1	1	344	99	114	99	1.0
Group06_76p5-inf	R	92	216	TP.cIn	41	0	0.0	1	1	140	71	76	71	1.0
Group06_76p5-inf	R	93	217	V1.cm	376	0	0.0	1	1	2662	2010	2010	2009	0.9995024875621891
Group06_76p5-inf	R	94	218	V1.dl	582	0	0.0	1	1	4900	2980	2978	2977	0.998993288590604
Group06_76p5-inf	R	95	219	V1.vl	518	3	0.005791505791505791	1	1	4526	2778	2773	2768	0.9964002879769619
Group06_76p5-inf	R	96	220	V1.mvi	461	0	0.0	1	1	2853	2586	2587	2583	0.9988399071925754
Group06_76p5-inf	R	97	221	V1.mdi	564	0	0.0	1	1	1829	2278	2280	2277	0.9995610184372257
Group06_76p5-inf	R	98	222	V1.rm	168	0	0.0	2	2	333	463	457	452	0.9762419006479481
Group06_76p5-inf	R	99	223	V2.l	450	0	0.0	1	1	2920	2069	2071	2067	0.9990333494441759
Group06_76p5-inf	R	100	224	V2.d	538	0	0.0	1	1	3257	2488	2492	2486	0.9991961414790996
Group06_76p5-inf	R	101	225	V2.v	682	9	0.013196480938416423	1	1	4063	3671	3665	3661	0.9972759466085536
Group06_76p5-inf	R	102	226	V2.dm	474	0	0.0	1	1	2239	1774	1780	1773	0.9994363021420518
Group06_76p5-inf	R	103	227	V2.vm	406	3	0.007389162561576354	1	1	2362	1798	1797	1788	0.9944382647385984
Group06_76p5-inf	R	104	228	VMO.l	202	0	0.0	1	1	1533	865	867	862	0.9965317919075144
Group06_76p5-inf	R	105	229	VMO.i	440	0	0.0	1	1	2775	1876	1875	1871	0.9973347547974414
Group06_76p5-inf	R	106	230	VMO.m	288	5	0.017361111111111112	1	1	1669	1079	1008	1004	0.9304911955514366
Group06_76p5-inf	R	107	231	INS.vr	150	0	0.0	1	1	515	236	250	235	0.9957627118644068
Group06_76p5-inf	R	108	232	INS.dr	146	0	0.0	1	1	737	352	352	351	0.9971590909090909
Group06_76p5-inf	R	109	233	INS.ri	110	0	0.0	1	1	731	307	307	307	1.0
Group06_76p5-inf	R	110	234	INS.v	131	0	0.0	1	1	604	325	324	324	0.9969230769230769
Group06_76p5-inf	R	111	235	INS.ci	110	0	0.0	1	1	520	354	352	352	0.9943502824858758
Group06_76p5-inf	R	112	236	INS.c	149	0	0.0	1	1	670	507	508	505	0.9960552268244576
Group06_76p5-inf	R	113	237	CG.vr	83	0	0.0	1	1	481	351	381	334	0.9515669515669516
Group06_76p5-inf	R	114	238	CG.ir	112	0	0.0	1	1	727	539	510	510	0.9461966604823747
Group06_76p5-inf	R	115	239	CG.dr	102	0	0.0	1	1	415	425	425	425	1.0
Group06_76p5-inf	R	116	240	CG.idr	153	0	0.0	1	1	763	537	536	536	0.9981378026070763
Group06_76p5-inf	R	117	241	CG.idc	195	0	0.0	1	1	944	541	543	541	1.0
Group06_76p5-inf	R	118	242	CG.ivr	168	0	0.0	1	1	1018	593	579	579	0.9763912310286678
Group06_76p5-inf	R	119	243	CG.ivc	263	0	0.0	1	1	831	674	642	628	0.9317507418397626
Group06_76p5-inf	R	120	244	CG.dc	120	0	0.0	1	1	581	296	294	294	0.9932432432432432
Group06_76p5-inf	R	121	245	CG.vc	77	0	0.0	1	1	467	198	195	195	0.9848484848484849
Group06_76p5-inf	R	122	246	CG.RSr	5	0	0.0	1	1	8	248	22	22	0.08870967741935484
Group06_76p5-inf	R	123	247	CG.Rsi	96	0	0.0	1	1	164	414	271	259	0.6256038647342995
Group06_76p5-inf	R	124	248	CG.RSc	91	9	0.0989010989010989	1	1	201	360	196	192	0.5333333333333333
